,Temp_c,Dew_point_c
0,-7.0,-12.2
1,-6.7,-11.9
2,-6.4,-11.5
3,-5.4,-10.6
4,-5.0,-10.0
5,-4.3,-9.1
6,-4.1,-8.8
7,-4.4,-9.1
8,-5.1,-9.8
9,-4.8,-9.1
10,-2.4,-5.5
11,2.8,1.4
12,4.3,2.9
13,5.0,3.2
14,5.2,3.0
15,6.0,4.3
16,6.7,5.8
17,6.2,5.9
18,4.5,4.5
19,3.7,2.9
20,-0.2,-2.6
21,-2.2,-5.8
22,-4.1,-8.6
23,-4.5,-9.5
24,-3.9,-9.0
25,-4.0,-9.1
26,-4.1,-9.2
27,-4.1,-9.1
28,-3.9,-8.9
29,-3.8,-8.9
30,-3.7,-8.8
31,-3.5,-8.6
32,-3.3,-8.4
33,-2.6,-7.3
34,-0.6,-4.4
35,3.7,1.3
36,6.4,5.0
37,11.1,11.5
38,11.9,11.9
39,10.4,10.3
40,8.4,8.5
41,6.1,5.3
42,7.3,6.3
43,2.5,-0.2
44,1.1,-2.3
45,-0.8,-4.2
46,1.3,-2.0
47,1.3,-2.2
48,-1.9,-5.5
49,0.9,-3.0
50,1.1,-2.3
51,-0.9,-4.3
52,1.5,-1.5
53,1.6,-1.8
54,-0.7,-4.5
55,1.1,-2.4
56,0.8,-2.9
57,-1.3,-5.1
58,3.4,0.8
59,7.1,5.5
60,7.7,4.7
61,8.0,5.8
62,8.9,7.2
63,6.5,3.6
64,8.0,7.6
65,6.9,7.0
66,7.5,6.5
67,3.4,1.1
68,1.4,-1.3
69,0.7,-2.2
70,1.0,-1.9
71,1.0,-2.0
72,-2.3,-6.0
73,0.5,-2.6
74,0.4,-2.5
75,-3.3,-7.1
76,0.4,-2.0
77,0.4,-1.8
78,-2.5,-6.0
79,0.3,-1.4
80,0.2,-1.8
81,-1.3,-4.6
82,3.6,3.6
83,8.0,8.0
84,7.4,6.7
85,11.2,11.6
86,12.3,12.4
87,11.8,11.8
88,11.3,11.1
89,10.3,10.2
90,7.4,7.4
91,6.2,6.0
92,2.8,1.0
93,2.3,0.0
94,1.9,-0.9
95,1.6,-1.3
96,1.4,-1.8
97,1.7,-1.6
98,1.3,-2.0
99,1.0,-2.2
100,1.1,-1.8
101,0.5,-3.1
102,1.4,-2.1
103,1.9,-1.1
104,1.5,-1.6
105,1.8,1.0
106,2.6,0.3
107,4.4,4.0
108,5.3,3.8
109,6.1,5.1
110,6.4,4.3
111,7.5,3.9
112,7.0,3.1
113,6.2,2.5
114,5.2,1.6
115,4.3,0.5
116,0.5,-3.2
117,0.0,-2.8
118,-0.6,-3.5
119,-1.2,-3.6
120,-1.8,-1.8
121,-1.8,-2.5
122,-1.8,-3.3
123,-1.8,-4.0
124,-2.0,-4.3
125,-2.1,-4.7
126,-2.3,-5.0
127,-2.1,-4.6
128,-1.9,-4.3
129,-1.7,-3.9
130,0.8,-0.9
131,3.2,2.0
132,5.7,5.0
133,6.5,5.7
134,7.2,6.5
135,8.0,7.2
136,7.1,6.3
137,6.2,5.3
138,5.3,4.4
139,3.5,2.2
140,1.8,0.1
141,0.0,-2.1
142,-0.3,-2.4
143,-0.6,-2.8
144,-0.9,-3.1
145,-1.0,-3.3
146,-1.2,-3.4
147,-1.3,-3.6
148,-1.4,-3.6
149,-1.6,-3.7
150,-1.7,-3.7
151,-1.5,-3.2
152,-1.2,-2.7
153,-1.0,-2.2
154,0.9,-0.3
155,2.7,1.5
156,4.6,3.4
157,5.2,4.2
158,5.7,4.9
159,6.3,5.7
160,5.5,4.5
161,4.7,3.3
162,3.9,2.1
163,2.7,1.3
164,1.6,0.6
165,0.4,-0.2
166,0.2,-1.1
167,-0.1,-1.9
168,-0.3,-2.8
169,-0.6,-3.0
170,-0.8,-3.1
171,-1.1,-3.3
172,-1.1,-3.1
173,-1.0,-2.9
174,-1.0,-2.7
175,-0.8,-1.9
176,-0.5,-1.1
177,-0.3,-0.3
178,1.7,1.1
179,3.6,2.5
180,5.6,3.9
181,5.6,3.7
182,5.6,3.5
183,5.6,3.3
184,4.7,1.6
185,3.9,0.0
186,3.0,-1.7
187,1.1,-3.6
188,-0.7,-5.6
189,-2.6,-7.5
190,-3.1,-8.1
191,-3.7,-8.6
192,-4.2,-9.2
193,-4.5,-9.6
194,-4.7,-10.0
195,-5.0,-10.4
196,-5.3,-10.7
197,-5.6,-11.0
198,-5.9,-11.3
199,-6.3,-11.7
200,-6.6,-12.2
201,-7.0,-12.6
202,-6.7,-12.3
203,-6.5,-12.0
204,-6.2,-11.7
205,-5.8,-11.2
206,-5.4,-10.6
207,-5.0,-10.1
208,-5.3,-10.5
209,-5.7,-10.8
210,-6.0,-11.2
211,-6.6,-11.8
212,-7.1,-12.4
213,-7.7,-13.0
214,-8.1,-12.9
215,-8.4,-12.7
216,-8.8,-12.6
217,-9.1,-12.7
218,-9.4,-12.7
219,-9.7,-12.8
220,-9.9,-12.7
221,-10.0,-12.5
222,-10.2,-12.4
223,-10.1,-12.3
224,-10.1,-12.3
225,-10.0,-12.2
226,-9.0,-11.8
227,-8.0,-11.5
228,-7.0,-11.1
229,-6.2,-10.3
230,-5.5,-9.5
231,-4.7,-8.7
232,-5.0,-8.8
233,-5.2,-8.9
234,-5.5,-9.0
235,-7.0,-10.6
236,-8.5,-12.3
237,-10.0,-13.9
238,-10.1,-14.2
239,-10.2,-14.6
240,-10.3,-14.9
241,-10.2,-14.8
242,-10.1,-14.7
243,-10.0,-14.6
244,-10.0,-14.9
245,-10.1,-15.2
246,-10.1,-15.5
247,-9.5,-14.5
248,-8.9,-13.6
249,-8.3,-12.6
250,-5.4,-8.6
251,-2.6,-4.5
252,0.3,-0.5
253,0.7,-0.5
254,1.0,-0.6
255,1.4,-0.6
256,0.7,-1.6
257,0.0,-2.5
258,-0.7,-3.5
259,-2.3,-5.2
260,-3.8,-6.9
261,-5.4,-8.6
262,-5.7,-9.2
263,-6.1,-9.8
264,-6.4,-10.4
265,-6.5,-10.6
266,-6.7,-10.8
267,-6.8,-11.0
268,-7.0,-11.4
269,-7.1,-11.8
270,-7.3,-12.2
271,-6.7,-11.3
272,-6.1,-10.3
273,-5.5,-9.4
274,-2.1,-5.0
275,1.3,-0.5
276,4.7,3.9
277,5.7,5.1
278,6.8,6.3
279,7.8,7.5
280,6.5,5.9
281,5.1,4.3
282,3.8,2.7
283,2.3,0.7
284,0.9,-1.3
285,-0.6,-3.3
286,-0.8,-3.3
287,-1.1,-3.4
288,-1.3,-3.4
289,-1.1,-3.1
290,-0.9,-2.9
291,-0.7,-2.6
292,-0.5,-2.6
293,-0.2,-2.6
294,0.0,-2.6
295,0.4,-2.1
296,0.7,-1.6
297,1.1,-1.1
298,2.6,0.9
299,4.1,2.8
300,5.6,4.8
301,6.3,5.4
302,7.0,6.1
303,7.7,6.7
304,6.8,5.4
305,5.8,4.1
306,4.9,2.8
307,4.2,2.0
308,3.5,1.2
309,2.8,0.4
310,2.2,-0.2
311,1.6,-0.9
312,1.0,-1.5
313,0.5,-2.0
314,0.0,-2.6
315,-0.5,-3.1
316,-0.7,-3.0
317,-0.8,-2.8
318,-1.0,-2.7
319,-0.8,-2.5
320,-0.6,-2.3
321,-0.4,-2.1
322,0.0,-2.2
323,0.5,-2.3
324,0.9,-2.4
325,1.2,-1.9
326,1.5,-1.5
327,1.8,-1.0
328,1.4,-1.4
329,1.0,-1.7
330,0.6,-2.1
331,0.1,-2.2
332,-0.3,-2.4
333,-0.8,-2.5
334,-1.4,-3.2
335,-2.1,-3.8
336,-8.5,-17.0
337,-8.6,-17.3
338,-8.7,-17.6
339,-8.6,-17.4
340,-8.6,-17.5
341,-8.7,-17.5
342,-8.7,-17.3
343,-8.7,-17.1
344,-8.7,-16.8
345,-8.2,-16.0
346,-4.1,-10.1
347,1.0,-2.7
348,3.1,0.8
349,2.2,0.2
350,2.8,0.8
351,5.5,3.6
352,5.0,2.5
353,2.9,-0.4
354,1.3,-2.8
355,-1.9,-7.4
356,-5.0,-11.8
357,-5.0,-12.2
358,-5.3,-12.9
359,-5.4,-13.3
360,-5.7,-13.8
361,-6.0,-14.3
362,-6.1,-14.6
363,-6.3,-14.9
364,-6.7,-15.5
365,-6.7,-15.4
366,-6.4,-15.0
367,-5.9,-14.2
368,-5.6,-13.8
369,-4.9,-12.8
370,-2.4,-8.9
371,3.4,-1.1
372,7.0,3.9
373,4.8,1.8
374,5.5,2.8
375,8.1,5.6
376,2.9,-0.4
377,1.1,-3.0
378,2.7,-1.2
379,-4.3,-10.6
380,-7.1,-14.2
381,-1.6,-8.0
382,-5.1,-11.3
383,-5.1,-11.5
384,-1.1,-7.9
385,-3.4,-9.8
386,-2.9,-9.4
387,-2.5,-10.0
388,-3.3,-9.2
389,-5.2,-11.5
390,-4.8,-12.8
391,-5.6,-12.1
392,-6.2,-13.1
393,-6.3,-14.4
394,-4.0,-10.9
395,0.0,-6.1
396,-0.1,-6.5
397,1.4,-4.4
398,1.9,-3.7
399,1.2,-4.6
400,2.4,-2.5
401,2.1,-2.7
402,-1.2,-7.6
403,-1.7,-7.7
404,-4.4,-11.3
405,-4.5,-12.5
406,-4.1,-10.8
407,-4.6,-11.4
408,-4.7,-12.4
409,-4.3,-11.2
410,-4.1,-10.9
411,-4.0,-11.3
412,-3.2,-9.5
413,-2.7,-8.7
414,-2.6,-8.9
415,-3.6,-9.7
416,-3.6,-9.7
417,-0.6,-6.6
418,-1.0,-6.1
419,3.8,-0.1
420,8.0,4.2
421,6.2,2.5
422,6.7,3.4
423,5.5,2.2
424,4.7,1.8
425,1.6,-0.8
426,-2.2,-5.2
427,-3.4,-7.9
428,-5.4,-10.7
429,-5.7,-11.4
430,-5.3,-11.1
431,-4.8,-10.7
432,-4.3,-10.6
433,-2.3,-8.1
434,-2.7,-7.8
435,-4.2,-8.6
436,-3.7,-8.0
437,-3.8,-8.6
438,-3.0,-8.9
439,-3.7,-11.0
440,-4.7,-11.5
441,-6.2,-12.6
442,-5.7,-11.5
443,-3.6,-8.9
444,-3.1,-8.6
445,-3.2,-8.9
446,-3.4,-10.1
447,-3.2,-10.6
448,-3.4,-10.8
449,-4.4,-11.5
450,-6.1,-13.7
451,-7.0,-14.8
452,-9.7,-17.4
453,-11.0,-17.9
454,-11.4,-18.2
455,-11.5,-18.1
456,-12.1,-18.9
457,-11.4,-18.2
458,-10.8,-17.5
459,-10.1,-16.8
460,-10.4,-17.0
461,-10.7,-17.2
462,-11.0,-17.4
463,-10.4,-16.5
464,-9.7,-15.5
465,-9.1,-14.6
466,-6.9,-11.2
467,-4.6,-7.9
468,-2.4,-4.5
469,-1.3,-3.6
470,-0.2,-2.7
471,0.9,-1.8
472,-1.2,-3.6
473,-3.2,-5.4
474,-5.3,-7.2
475,-6.9,-9.9
476,-8.4,-12.6
477,-10.0,-15.3
478,-10.2,-15.7
479,-10.4,-16.2
480,-10.6,-16.6
481,-10.0,-16.0
482,-9.5,-15.4
483,-8.9,-14.8
484,-9.0,-15.1
485,-9.0,-15.4
486,-9.1,-15.7
487,-9.2,-15.6
488,-9.4,-15.5
489,-9.5,-15.4
490,-6.6,-10.8
491,-3.7,-6.1
492,-0.8,-1.5
493,-0.5,-0.9
494,-0.1,-0.4
495,0.2,0.2
496,-1.6,-2.7
497,-3.3,-5.7
498,-5.1,-8.6
499,-6.4,-10.8
500,-7.6,-13.0
501,-8.9,-15.2
502,-9.2,-15.6
503,-9.4,-15.9
504,-9.7,-16.3
505,-9.1,-15.7
506,-8.6,-15.2
507,-8.0,-14.6
508,-8.0,-14.5
509,-8.1,-14.4
510,-8.1,-14.3
511,-8.0,-13.8
512,-7.8,-13.2
513,-7.7,-12.7
514,-5.2,-9.6
515,-2.6,-6.5
516,-0.1,-3.4
517,-0.3,-3.8
518,-0.4,-4.3
519,-0.6,-4.7
520,-2.6,-7.2
521,-4.7,-9.8
522,-6.7,-12.3
523,-7.7,-13.0
524,-8.6,-13.6
525,-9.6,-14.3
526,-10.0,-14.6
527,-10.5,-14.9
528,-10.9,-15.2
529,-10.4,-14.5
530,-9.8,-13.7
531,-9.3,-13.0
532,-9.7,-13.5
533,-10.0,-14.1
534,-10.4,-14.6
535,-10.8,-15.1
536,-11.1,-15.7
537,-11.5,-16.2
538,-11.6,-16.6
539,-11.7,-17.0
540,-11.8,-17.4
541,-11.7,-17.4
542,-11.5,-17.3
543,-11.4,-17.3
544,-12.1,-17.9
545,-12.7,-18.6
546,-13.4,-19.2
547,-14.2,-19.8
548,-15.1,-20.4
549,-15.9,-21.0
550,-16.3,-20.9
551,-16.7,-20.8
552,-17.1,-20.7
553,-17.0,-19.4
554,-17.0,-18.2
555,-16.9,-16.9
556,-17.2,-18.9
557,-17.5,-20.8
558,-17.8,-22.8
559,-17.5,-20.8
560,-17.2,-18.9
561,-16.9,-16.9
562,-15.0,-15.0
563,-13.1,-13.1
564,-11.2,-11.2
565,-10.4,-13.0
566,-9.5,-14.7
567,-8.7,-16.5
568,-9.8,-17.0
569,-10.8,-17.6
570,-11.9,-18.1
571,-13.5,-20.9
572,-15.2,-23.8
573,-16.8,-26.6
574,-16.8,-26.7
575,-16.7,-26.7
576,-16.7,-26.8
577,-15.8,-25.6
578,-15.0,-24.5
579,-14.1,-23.3
580,-14.3,-23.5
581,-14.6,-23.8
582,-14.8,-24.0
583,-14.9,-24.0
584,-15.1,-23.9
585,-15.2,-23.9
586,-12.2,-20.0
587,-9.1,-16.0
588,-6.1,-12.1
589,-5.8,-11.8
590,-5.6,-11.5
591,-5.3,-11.2
592,-5.9,-11.9
593,-6.5,-12.7
594,-7.1,-13.4
595,-8.4,-15.2
596,-9.7,-16.9
597,-11.0,-18.7
598,-11.6,-19.4
599,-12.2,-20.2
600,-12.8,-20.9
601,-12.7,-20.9
602,-12.5,-20.9
603,-12.4,-20.9
604,-12.4,-20.9
605,-12.4,-21.0
606,-12.4,-21.0
607,-11.8,-20.2
608,-11.3,-19.4
609,-10.7,-18.6
610,-7.0,-13.5
611,-3.4,-8.3
612,0.3,-3.2
613,1.2,-2.1
614,2.0,-1.0
615,2.9,0.1
616,1.2,-2.0
617,-0.4,-4.2
618,-2.1,-6.3
619,-3.7,-8.7
620,-5.3,-11.0
621,-6.9,-13.4
622,-6.7,-13.0
623,-6.4,-12.6
624,-6.2,-12.2
625,-5.1,-10.9
626,-4.0,-9.5
627,-2.9,-8.2
628,-3.1,-8.4
629,-3.4,-8.7
630,-3.6,-8.9
631,-3.5,-8.6
632,-3.5,-8.3
633,-3.4,-8.0
634,-1.6,-5.3
635,0.1,-2.6
636,1.9,0.1
637,2.0,0.2
638,2.1,0.2
639,2.2,0.3
640,0.6,-1.9
641,-1.0,-4.2
642,-2.6,-6.4
643,-3.4,-7.7
644,-4.1,-9.0
645,-4.9,-10.3
646,-6.1,-11.7
647,-7.4,-13.2
648,-8.6,-14.6
649,-8.0,-13.7
650,-7.3,-12.9
651,-6.7,-12.0
652,-6.9,-12.2
653,-7.1,-12.3
654,-7.3,-12.5
655,-6.7,-10.7
656,-6.1,-9.0
657,-5.5,-7.2
658,-4.8,-7.3
659,-4.2,-7.3
660,-3.5,-7.4
661,-3.6,-7.6
662,-3.7,-7.8
663,-3.8,-8.0
664,-4.8,-8.9
665,-5.8,-9.7
666,-6.8,-10.6
667,-7.5,-10.0
668,-8.1,-9.4
669,-8.8,-8.8
670,-9.1,-11.0
671,-9.4,-13.1
2352,-11.2,-20.0
2353,-11.1,-20.1
2354,-11.0,-20.1
2355,-10.2,-19.0
2356,-10.1,-18.9
2357,-10.1,-18.7
2358,-10.3,-18.7
2359,-10.5,-18.7
2360,-10.6,-18.6
2361,-9.9,-17.5
2362,-5.3,-10.8
2363,0.5,-2.5
2364,2.2,0.7
2365,3.6,2.8
2366,4.4,3.2
2367,4.8,3.2
2368,4.5,2.2
2369,3.6,0.8
2370,1.7,-1.8
2371,-1.5,-6.3
2372,-7.0,-13.8
2373,-7.8,-15.2
2374,-8.1,-16.0
2375,-8.1,-16.2
2376,-8.3,-16.6
2377,-8.2,-16.6
2378,-8.0,-16.4
2379,-8.3,-16.8
2380,-8.4,-17.0
2381,-8.3,-16.8
2382,-8.1,-16.5
2383,-7.8,-16.0
2384,-7.6,-15.7
2385,-6.8,-14.5
2386,-3.9,-10.1
2387,4.3,0.8
2388,6.6,4.2
2389,7.9,6.5
2390,8.7,7.7
2391,7.9,6.6
2392,6.9,5.6
2393,1.0,-1.6
2394,2.6,0.0
2395,-6.2,-12.2
2396,-7.6,-14.3
2397,-5.0,-11.7
2398,-6.3,-12.4
2399,-6.6,-12.8
2400,-2.1,-8.6
2401,-7.1,-13.6
2402,-7.6,-14.2
2403,-3.7,-10.9
2404,-6.0,-11.9
2405,-6.4,-12.0
2406,-4.1,-11.2
2407,-8.3,-14.2
2408,-9.0,-15.1
2409,-3.9,-10.6
2410,-0.2,-4.8
2411,1.8,-3.2
2412,0.4,-5.6
2413,3.1,-1.9
2414,3.7,-1.1
2415,1.6,-4.1
2416,4.1,0.0
2417,3.5,-0.4
2418,-0.7,-6.7
2419,-5.7,-11.8
2420,-6.8,-13.6
2421,-4.2,-11.5
2422,-7.6,-14.3
2423,-7.3,-13.9
2424,-6.8,-14.5
2425,-7.6,-14.5
2426,-7.3,-14.1
2427,-5.7,-13.0
2428,-7.2,-13.9
2429,-7.1,-13.7
2430,-4.0,-10.7
2431,-7.7,-14.4
2432,-7.3,-14.0
2433,-1.4,-7.8
2434,-0.6,-5.0
2435,6.8,3.8
2436,7.1,3.2
2437,8.3,5.4
2438,8.5,5.9
2439,7.5,4.9
2440,7.0,4.5
2441,6.0,4.2
2442,-1.7,-4.9
2443,-4.5,-9.5
2444,-5.9,-11.5
2445,-6.3,-12.0
2446,-6.7,-12.4
2447,-6.4,-12.1
2448,-6.4,-11.4
2449,-7.1,-12.1
2450,-8.0,-12.9
2451,-8.6,-14.0
2452,-5.5,-10.2
2453,-6.7,-11.6
2454,-5.6,-9.9
2455,-7.3,-13.2
2456,-7.9,-14.3
2457,-6.4,-12.9
2458,-2.8,-8.1
2459,-1.2,-5.6
2460,-0.8,-5.2
2461,-0.6,-5.2
2462,-0.8,-5.7
2463,-1.1,-6.4
2464,-1.5,-6.8
2465,-1.7,-6.9
2466,-3.4,-8.5
2467,-9.5,-15.7
2468,-11.2,-18.1
2469,-11.6,-18.1
2470,-12.3,-19.1
2471,-12.7,-19.5
2472,-13.0,-19.5
2473,-12.9,-19.5
2474,-12.9,-19.5
2475,-12.8,-19.5
2476,-13.1,-19.7
2477,-13.5,-19.8
2478,-13.8,-20.0
2479,-13.2,-19.0
2480,-12.5,-18.0
2481,-11.9,-17.0
2482,-7.9,-12.0
2483,-3.9,-7.1
2484,0.1,-2.1
2485,0.8,-1.5
2486,1.6,-0.9
2487,2.3,-0.3
2488,0.1,-2.6
2489,-2.1,-4.9
2490,-4.3,-7.2
2491,-6.3,-9.9
2492,-8.4,-12.5
2493,-10.4,-15.2
2494,-10.6,-15.8
2495,-10.8,-16.3
2496,-11.0,-16.9
2497,-11.2,-17.2
2498,-11.4,-17.6
2499,-11.6,-17.9
2500,-11.6,-18.1
2501,-11.7,-18.3
2502,-11.7,-18.5
2503,-11.1,-17.4
2504,-10.6,-16.4
2505,-10.0,-15.3
2506,-6.0,-9.5
2507,-1.9,-3.7
2508,2.1,2.1
2509,2.6,2.4
2510,3.2,2.6
2511,3.7,2.9
2512,1.3,0.1
2513,-1.1,-2.6
2514,-3.5,-5.4
2515,-5.1,-8.3
2516,-6.7,-11.1
2517,-8.3,-14.0
2518,-8.8,-14.7
2519,-9.3,-15.3
2520,-9.8,-16.0
2521,-10.0,-16.4
2522,-10.3,-16.9
2523,-10.5,-17.3
2524,-10.6,-17.3
2525,-10.8,-17.4
2526,-10.9,-17.4
2527,-10.3,-16.3
2528,-9.8,-15.2
2529,-9.2,-14.1
2530,-5.7,-10.0
2531,-2.1,-5.9
2532,1.4,-1.8
2533,1.5,-2.0
2534,1.6,-2.3
2535,1.7,-2.5
2536,-0.2,-4.7
2537,-2.1,-6.9
2538,-4.0,-9.1
2539,-5.0,-10.0
2540,-5.9,-10.8
2541,-6.9,-11.7
2542,-7.4,-11.9
2543,-7.9,-12.1
2544,-8.4,-12.3
2545,-8.6,-12.4
2546,-8.7,-12.4
2547,-8.9,-12.5
2548,-9.2,-13.1
2549,-9.6,-13.7
2550,-9.9,-14.3
2551,-10.2,-14.8
2552,-10.5,-15.2
2553,-10.8,-15.7
2554,-10.2,-15.3
2555,-9.5,-14.8
2556,-8.9,-14.4
2557,-8.8,-14.4
2558,-8.7,-14.3
2559,-8.6,-14.3
2560,-9.3,-14.9
2561,-10.1,-15.4
2562,-10.8,-16.0
2563,-11.5,-16.6
2564,-12.2,-17.3
2565,-12.9,-17.9
2566,-13.6,-17.9
2567,-14.3,-17.8
2568,-15.0,-17.8
2569,-15.4,-17.2
2570,-15.7,-16.7
2571,-16.1,-16.1
2572,-17.4,-18.3
2573,-18.7,-20.4
2574,-20.0,-22.6
2575,-18.2,-20.0
2576,-16.5,-17.3
2577,-14.7,-14.7
2578,-12.3,-13.1
2579,-9.8,-11.4
2580,-7.4,-9.8
2581,-6.8,-9.8
2582,-6.2,-9.8
2583,-5.6,-9.8
2584,-6.6,-10.8
2585,-7.7,-11.9
2586,-8.7,-12.9
2587,-10.9,-16.7
2588,-13.2,-20.5
2589,-15.4,-24.3
2590,-15.6,-24.6
2591,-15.8,-24.9
2592,-16.0,-25.2
2593,-16.2,-25.4
2594,-16.4,-25.5
2595,-16.6,-25.7
2596,-16.7,-25.7
2597,-16.9,-25.6
2598,-17.0,-25.6
2599,-16.1,-24.1
2600,-15.2,-22.6
2601,-14.3,-21.1
2602,-10.1,-16.0
2603,-6.0,-11.0
2604,-1.8,-5.9
2605,-1.7,-5.9
2606,-1.5,-5.9
2607,-1.4,-5.9
2608,-2.9,-7.2
2609,-4.3,-8.5
2610,-5.8,-9.8
2611,-8.6,-13.6
2612,-11.4,-17.5
2613,-14.2,-21.3
2614,-13.6,-20.9
2615,-13.1,-20.6
2616,-12.5,-20.2
2617,-12.9,-20.6
2618,-13.4,-20.9
2619,-13.8,-21.3
2620,-14.1,-21.9
2621,-14.4,-22.5
2622,-14.7,-23.1
2623,-13.5,-21.5
2624,-12.2,-19.8
2625,-11.0,-18.2
2626,-5.9,-11.4
2627,-0.8,-4.6
2628,4.3,2.2
2629,5.3,3.5
2630,6.4,4.9
2631,7.4,6.2
2632,4.3,2.3
2633,1.2,-1.5
2634,-1.9,-5.4
2635,-3.7,-8.2
2636,-5.6,-10.9
2637,-7.4,-13.7
2638,-7.1,-13.3
2639,-6.9,-12.9
2640,-6.6,-12.5
2641,-6.4,-12.3
2642,-6.3,-12.2
2643,-6.1,-12.0
2644,-6.3,-12.2
2645,-6.5,-12.3
2646,-6.7,-12.5
2647,-6.0,-11.5
2648,-5.4,-10.6
2649,-4.7,-9.6
2650,-0.9,-4.2
2651,2.9,1.3
2652,6.7,6.7
2653,6.4,6.4
2654,6.2,6.2
2655,5.9,5.9
2656,3.2,2.0
2657,0.5,-1.9
2658,-2.2,-5.8
2659,-4.2,-8.4
2660,-6.2,-11.0
2661,-8.2,-13.6
2662,-8.5,-13.9
2663,-8.8,-14.1
2664,-9.1,-14.4
2665,-9.3,-14.7
2666,-9.6,-14.9
2667,-9.8,-15.2
2668,-10.1,-15.5
2669,-10.3,-15.8
2670,-10.6,-16.1
2671,-9.4,-14.1
2672,-8.2,-12.1
2673,-7.0,-10.1
2674,-4.8,-8.1
2675,-2.7,-6.0
2676,-0.5,-4.0
2677,-0.7,-4.3
2678,-1.0,-4.7
2679,-1.2,-5.0
2680,-2.2,-5.8
2681,-3.2,-6.6
2682,-4.2,-7.4
2683,-5.8,-8.0
2684,-7.5,-8.5
2685,-9.1,-9.1
2686,-10.2,-12.3
2687,-11.3,-15.5
3024,-3.5,-4.5
3025,-4.4,-4.4
3026,-4.4,-4.4
3027,-4.5,-4.5
3028,-4.8,-4.8
3029,-4.8,-4.8
3030,-4.7,-4.7
3031,-5.0,-5.0
3032,-5.9,-5.9
3033,-6.2,-6.2
3034,-5.6,-5.6
3035,-5.3,-5.3
3036,-4.5,-4.5
3037,-3.9,-4.9
3038,-3.4,-4.3
3039,-3.1,-4.3
3040,-3.1,-4.5
3041,-3.2,-4.1
3042,-4.5,-5.5
3043,-5.2,-5.2
3044,-5.8,-5.8
3045,-6.1,-6.1
3046,-6.0,-6.0
3047,-6.4,-6.4
3048,-6.8,-6.8
3049,-6.6,-6.6
3050,-6.5,-6.5
3051,-6.5,-6.5
3052,-6.5,-6.5
3053,-6.0,-6.0
3054,-6.2,-6.2
3055,-6.1,-6.1
3056,-6.0,-6.0
3057,-6.1,-6.1
3058,-6.4,-6.4
3059,-6.2,-6.2
3060,-5.2,-5.2
3061,-4.7,-5.8
3062,-4.4,-6.0
3063,-4.4,-5.7
3064,-4.7,-5.8
3065,-4.5,-5.5
3066,-4.5,-5.5
3067,-4.8,-4.8
3068,-6.3,-6.3
3069,-7.0,-7.0
3070,-7.9,-7.9
3071,-8.5,-8.5
3072,-9.0,-9.0
3073,-9.5,-9.5
3074,-10.3,-10.3
3075,-10.5,-10.5
3076,-10.6,-10.6
3077,-10.6,-12.3
3078,-9.8,-11.7
3079,-10.0,-11.9
3080,-9.9,-12.1
3081,-9.9,-12.1
3082,-9.8,-12.0
3083,-9.3,-9.3
3084,-8.3,-8.3
3085,-7.8,-10.0
3086,-7.6,-9.3
3087,-8.6,-10.4
3088,-8.9,-10.7
3089,-10.0,-10.0
3090,-11.8,-14.5
3091,-13.2,-16.3
3092,-14.1,-18.1
3093,-14.6,-18.4
3094,-14.5,-18.1
3095,-14.5,-18.3
3096,-15.0,-18.6
3097,-15.3,-19.0
3098,-14.4,-19.1
3099,-14.8,-19.9
3100,-15.0,-18.9
3101,-14.6,-19.1
3102,-13.9,-19.4
3103,-13.2,-18.0
3104,-12.0,-17.3
3105,-10.6,-16.5
3106,-9.6,-15.2
3107,-8.8,-14.8
3108,-8.1,-15.0
3109,-7.2,-13.7
3110,-6.1,-12.7
3111,-6.2,-12.8
3112,-6.6,-13.6
3113,-6.7,-13.6
3114,-6.4,-13.3
3115,-6.6,-13.9
3116,-7.6,-15.2
3117,-8.3,-15.7
3118,-9.6,-16.9
3119,-9.9,-16.3
3120,-11.5,-16.0
3121,-9.1,-14.2
3122,-7.9,-12.4
3123,-8.5,-11.5
3124,-8.4,-13.2
3125,-8.5,-12.2
3126,-4.9,-8.3
3127,-5.7,-5.7
3128,-5.2,-8.4
3129,-4.0,-7.3
3130,-4.1,-7.9
3131,-2.6,-5.5
3132,-1.9,-3.4
3133,-1.5,-1.5
3134,-1.2,-1.2
3135,-2.2,-3.3
3136,-2.5,-2.5
3137,-3.7,-3.7
3138,-5.4,-5.4
3139,-6.0,-8.6
3140,-6.4,-9.8
3141,-6.6,-10.6
3142,-8.4,-11.1
3143,-7.6,-10.8
3144,-6.8,-10.6
3145,-6.0,-10.3
3146,-6.5,-9.4
3147,-7.1,-8.5
3148,-7.6,-7.6
3149,-7.6,-8.2
3150,-7.7,-8.8
3151,-7.7,-9.4
3152,-8.0,-10.0
3153,-8.4,-10.7
3154,-8.7,-11.3
3155,-7.8,-9.5
3156,-6.9,-7.8
3157,-6.0,-6.0
3158,-5.7,-5.7
3159,-5.5,-5.5
3160,-5.2,-5.2
3161,-6.5,-7.4
3162,-7.8,-9.7
3163,-9.1,-11.9
3164,-9.4,-12.5
3165,-9.6,-13.2
3166,-9.9,-13.8
3167,-10.3,-14.1
3168,-10.7,-14.5
3169,-11.1,-14.8
3170,-10.1,-13.5
3171,-9.2,-12.2
3172,-8.2,-10.9
3173,-7.3,-10.6
3174,-6.4,-10.2
3175,-5.5,-9.9
3176,-5.3,-9.9
3177,-5.2,-9.9
3178,-5.0,-9.9
3179,-3.9,-8.6
3180,-2.7,-7.3
3181,-1.6,-6.0
3182,-0.9,-5.8
3183,-0.3,-5.6
3184,0.4,-5.4
3185,0.7,-5.5
3186,1.0,-5.5
3187,1.3,-5.6
3188,0.7,-5.2
3189,0.0,-4.8
3190,-0.6,-4.4
3191,-2.0,-5.8
3192,-3.4,-7.2
3193,-4.8,-8.6
3194,-4.8,-9.1
3195,-4.8,-9.6
3196,-4.8,-10.1
3197,-4.8,-10.1
3198,-4.7,-10.2
3199,-4.7,-10.2
3200,-4.7,-10.3
3201,-4.6,-10.3
3202,-4.6,-10.4
3203,-4.5,-10.3
3204,-4.4,-10.3
3205,-4.3,-10.2
3206,-4.3,-10.2
3207,-4.3,-10.2
3208,-4.3,-10.2
3209,-4.6,-9.4
3210,-4.9,-8.7
3211,-5.2,-7.9
3212,-4.9,-8.0
3213,-4.6,-8.0
3214,-4.3,-8.1
3215,-4.1,-7.7
3216,-3.8,-7.2
3217,-3.6,-6.8
3218,-3.2,-6.1
3219,-2.7,-5.3
3220,-2.3,-4.6
3221,-2.8,-5.3
3222,-3.3,-5.9
3223,-3.8,-6.6
3224,-4.1,-6.8
3225,-4.5,-7.0
3226,-4.8,-7.2
3227,-3.7,-5.3
3228,-2.5,-3.3
3229,-1.4,-1.4
3230,-1.1,-1.9
3231,-0.9,-2.4
3232,-0.6,-2.9
3233,-0.6,-3.3
3234,-0.7,-3.8
3235,-0.7,-4.2
3236,-0.8,-4.0
3237,-0.9,-3.8
3238,-1.0,-3.6
3239,-1.1,-3.3
3240,-1.3,-3.1
3241,-1.4,-2.8
3242,-2.1,-3.6
3243,-2.7,-4.3
3244,-3.4,-5.1
3245,-3.6,-5.2
3246,-3.8,-5.2
3247,-4.0,-5.3
3248,-5.0,-7.0
3249,-5.9,-8.8
3250,-6.9,-10.5
3251,-5.5,-8.2
3252,-4.0,-6.0
3253,-2.6,-3.7
3254,-2.1,-3.6
3255,-1.5,-3.5
3256,-1.0,-3.4
3257,-1.8,-4.6
3258,-2.5,-5.8
3259,-3.3,-7.0
3260,-3.6,-7.5
3261,-4.0,-8.0
3262,-4.3,-8.5
3263,-4.6,-9.2
3264,-4.9,-9.9
3265,-5.2,-10.6
3266,-5.6,-11.2
3267,-6.0,-11.8
3268,-6.4,-12.4
3269,-6.5,-12.7
3270,-6.7,-13.0
3271,-6.8,-13.3
3272,-6.8,-12.6
3273,-6.7,-11.8
3274,-6.7,-11.1
3275,-5.8,-10.1
3276,-4.8,-9.2
3277,-3.9,-8.2
3278,-3.6,-7.7
3279,-3.3,-7.2
3280,-3.0,-6.7
3281,-3.2,-5.6
3282,-3.3,-4.6
3283,-3.5,-3.5
3284,-4.4,-5.5
3285,-5.3,-7.5
3286,-6.2,-9.5
3287,-7.1,-10.5
3288,-8.1,-11.6
3289,-9.0,-12.6
3290,-9.0,-12.1
3291,-9.0,-11.6
3292,-9.0,-11.1
3293,-9.1,-11.7
3294,-9.2,-12.2
3295,-9.3,-12.8
3296,-8.9,-12.6
3297,-8.5,-12.3
3298,-8.1,-12.1
3299,-6.6,-10.1
3300,-5.2,-8.0
3301,-3.7,-6.0
3302,-3.6,-5.9
3303,-3.6,-5.7
3304,-3.5,-5.6
3305,-3.7,-6.0
3306,-3.9,-6.4
3307,-4.1,-6.8
3308,-4.5,-7.2
3309,-4.8,-7.5
3310,-5.2,-7.9
3311,-5.4,-7.7
3312,-5.6,-7.5
3313,-5.8,-7.3
3314,-6.6,-8.5
3315,-7.3,-9.8
3316,-8.1,-11.0
3317,-7.5,-10.3
3318,-6.9,-9.5
3319,-6.3,-8.8
3320,-6.3,-9.1
3321,-6.4,-9.5
3322,-6.4,-9.8
3323,-4.6,-7.1
3324,-2.7,-4.3
3325,-0.9,-1.6
3326,-0.8,-1.9
3327,-0.8,-2.1
3328,-0.7,-2.4
3329,-1.2,-3.4
3330,-1.8,-4.3
3331,-2.3,-5.3
3332,-2.6,-5.0
3333,-3.0,-4.8
3334,-3.3,-4.5
3335,-3.9,-5.6
3336,-4.4,-6.6
3337,-5.0,-7.7
3338,-5.1,-7.6
3339,-5.2,-7.5
3340,-5.3,-7.4
3341,-5.3,-7.5
3342,-5.3,-7.5
3343,-5.3,-7.6
3344,-5.5,-7.9
3345,-5.8,-8.1
3346,-6.0,-8.4
3347,-5.3,-7.5
3348,-4.5,-6.6
3349,-3.8,-5.7
3350,-4.0,-5.7
3351,-4.3,-5.8
3352,-4.5,-5.8
3353,-5.4,-6.3
3354,-6.3,-6.7
3355,-7.2,-7.2
3356,-6.9,-6.9
3357,-6.6,-6.6
3358,-6.3,-6.3
3359,-6.5,-6.5
4368,-4.0,-5.0
4369,-4.7,-4.7
4370,-4.7,-4.7
4371,-4.8,-4.8
4372,-5.0,-5.0
4373,-5.1,-5.1
4374,-4.7,-4.7
4375,-4.9,-4.9
4376,-5.8,-5.8
4377,-5.9,-5.9
4378,-5.5,-5.5
4379,-5.4,-5.4
4380,-4.8,-4.8
4381,-4.2,-5.2
4382,-3.9,-4.9
4383,-3.6,-4.6
4384,-3.7,-4.7
4385,-3.8,-3.8
4386,-4.7,-4.7
4387,-5.4,-5.4
4388,-5.7,-5.7
4389,-5.9,-5.9
4390,-5.9,-5.9
4391,-6.1,-6.1
4392,-6.4,-6.4
4393,-6.2,-6.2
4394,-6.2,-6.2
4395,-6.2,-6.2
4396,-6.2,-6.2
4397,-5.9,-5.9
4398,-6.1,-6.1
4399,-6.0,-6.0
4400,-5.9,-5.9
4401,-5.9,-5.9
4402,-6.2,-6.2
4403,-6.2,-6.2
4404,-5.5,-5.5
4405,-5.1,-6.5
4406,-4.8,-6.6
4407,-4.5,-5.8
4408,-4.3,-4.3
4409,-4.2,-4.2
4410,-4.3,-4.3
4411,-4.7,-4.7
4412,-5.8,-5.8
4413,-6.5,-6.5
4414,-7.2,-7.2
4415,-7.6,-7.6
4416,-8.1,-8.1
4417,-8.6,-8.6
4418,-9.2,-9.2
4419,-9.4,-9.4
4420,-9.6,-9.6
4421,-9.6,-9.6
4422,-9.5,-11.1
4423,-9.5,-11.1
4424,-9.5,-11.4
4425,-9.5,-11.4
4426,-9.6,-11.2
4427,-9.4,-9.4
4428,-8.7,-8.7
4429,-8.4,-10.2
4430,-8.7,-8.7
4431,-9.2,-10.7
4432,-9.4,-9.4
4433,-10.1,-10.1
4434,-11.5,-14.2
4435,-12.4,-15.7
4436,-13.0,-17.2
4437,-13.4,-17.3
4438,-13.2,-16.8
4439,-13.4,-17.5
4440,-13.9,-17.1
4441,-14.2,-18.0
4442,-13.4,-17.9
4443,-13.6,-18.3
4444,-13.8,-17.5
4445,-13.9,-18.7
4446,-13.0,-18.4
4447,-12.3,-17.6
4448,-11.2,-16.4
4449,-9.8,-15.8
4450,-8.9,-14.8
4451,-8.0,-14.4
4452,-7.4,-14.4
4453,-6.7,-13.8
4454,-5.9,-12.9
4455,-5.2,-11.9
4456,-5.0,-12.0
4457,-5.1,-12.1
4458,-4.6,-11.5
4459,-4.9,-12.1
4460,-6.2,-13.8
4461,-6.9,-14.3
4462,-7.8,-15.2
4463,-8.2,-14.6
4464,-9.4,-14.4
4465,-7.2,-12.2
4466,-7.0,-10.3
4467,-7.5,-9.4
4468,-7.6,-12.8
4469,-7.4,-11.8
4470,-4.7,-8.4
4471,-5.1,-5.1
4472,-5.6,-8.8
4473,-3.7,-6.9
4474,-3.8,-7.9
4475,-2.7,-6.7
4476,-2.3,-5.8
4477,-2.9,-5.7
4478,-2.7,-5.2
4479,-2.8,-5.3
4480,-3.0,-5.2
4481,-3.6,-5.1
4482,-4.7,-6.3
4483,-5.2,-8.2
4484,-5.2,-8.7
4485,-5.9,-9.0
4486,-7.7,-10.3
4487,-6.8,-10.1
4488,-5.8,-9.9
4489,-4.9,-9.7
4490,-5.3,-8.5
4491,-5.7,-7.3
4492,-6.1,-6.1
4493,-6.6,-7.4
4494,-7.2,-8.8
4495,-7.7,-10.1
4496,-8.0,-10.2
4497,-8.4,-10.4
4498,-8.7,-10.5
4499,-8.2,-9.4
4500,-7.6,-8.2
4501,-7.1,-7.1
4502,-6.5,-6.5
4503,-5.8,-5.8
4504,-5.2,-5.2
4505,-6.3,-7.3
4506,-7.3,-9.5
4507,-8.4,-11.6
4508,-8.5,-12.2
4509,-8.7,-12.9
4510,-8.8,-13.5
4511,-9.0,-13.5
4512,-9.2,-13.6
4513,-9.4,-13.6
4514,-8.4,-12.3
4515,-7.3,-11.1
4516,-6.3,-9.8
4517,-5.8,-9.6
4518,-5.2,-9.3
4519,-4.7,-9.1
4520,-4.6,-9.3
4521,-4.4,-9.5
4522,-4.3,-9.7
4523,-2.7,-8.4
4524,-1.2,-7.0
4525,0.4,-5.7
4526,0.6,-5.8
4527,0.9,-6.0
4528,1.1,-6.1
4529,1.4,-5.9
4530,1.6,-5.6
4531,1.9,-5.4
4532,1.3,-5.0
4533,0.8,-4.7
4534,0.2,-4.3
4535,-1.2,-5.6
4536,-2.5,-6.9
4537,-3.9,-8.2
4538,-3.3,-7.8
4539,-2.8,-7.5
4540,-2.2,-7.1
4541,-2.8,-8.0
4542,-3.3,-9.0
4543,-3.9,-9.9
4544,-3.9,-10.1
4545,-4.0,-10.2
4546,-4.0,-10.4
4547,-4.0,-10.4
4548,-3.9,-10.4
4549,-3.9,-10.4
4550,-3.6,-9.8
4551,-3.3,-9.2
4552,-3.0,-8.6
4553,-3.5,-8.0
4554,-4.0,-7.3
4555,-4.5,-6.7
4556,-4.2,-6.7
4557,-3.9,-6.8
4558,-3.6,-6.8
4559,-3.2,-6.5
4560,-2.9,-6.1
4561,-2.5,-5.8
4562,-2.1,-5.2
4563,-1.8,-4.6
4564,-1.4,-4.0
4565,-2.1,-5.0
4566,-2.9,-5.9
4567,-3.6,-6.9
4568,-4.0,-7.0
4569,-4.4,-7.1
4570,-4.8,-7.2
4571,-3.7,-5.3
4572,-2.7,-3.5
4573,-1.6,-1.6
4574,-0.9,-1.8
4575,-0.1,-1.9
4576,0.6,-2.1
4577,0.6,-2.6
4578,0.6,-3.1
4579,0.6,-3.6
4580,0.2,-3.5
4581,-0.1,-3.3
4582,-0.5,-3.2
4583,-0.6,-3.2
4584,-0.8,-3.2
4585,-0.9,-3.2
4586,-1.6,-4.0
4587,-2.2,-4.9
4588,-2.9,-5.7
4589,-3.1,-5.8
4590,-3.2,-6.0
4591,-3.4,-6.1
4592,-4.4,-7.6
4593,-5.5,-9.2
4594,-6.5,-10.7
4595,-5.4,-8.6
4596,-4.2,-6.4
4597,-3.1,-4.3
4598,-2.8,-4.4
4599,-2.4,-4.5
4600,-2.1,-4.6
4601,-2.4,-5.3
4602,-2.6,-6.1
4603,-2.9,-6.8
4604,-3.2,-7.3
4605,-3.4,-7.9
4606,-3.7,-8.4
4607,-4.0,-8.9
4608,-4.3,-9.5
4609,-4.6,-10.0
4610,-5.0,-10.6
4611,-5.4,-11.1
4612,-5.8,-11.7
4613,-6.0,-12.0
4614,-6.2,-12.4
4615,-6.4,-12.7
4616,-6.3,-12.2
4617,-6.3,-11.6
4618,-6.2,-11.1
4619,-5.5,-10.1
4620,-4.7,-9.1
4621,-4.0,-8.1
4622,-3.6,-7.3
4623,-3.1,-6.4
4624,-2.7,-5.6
4625,-3.2,-6.0
4626,-3.8,-6.3
4627,-4.3,-6.7
4628,-4.9,-7.5
4629,-5.4,-8.2
4630,-6.0,-9.0
4631,-6.6,-9.7
4632,-7.2,-10.4
4633,-7.8,-11.1
4634,-7.8,-11.0
4635,-7.7,-10.9
4636,-7.7,-10.8
4637,-8.0,-11.5
4638,-8.4,-12.1
4639,-8.7,-12.8
4640,-8.3,-12.5
4641,-7.8,-12.1
4642,-7.4,-11.8
4643,-6.3,-9.9
4644,-5.1,-7.9
4645,-4.0,-6.0
4646,-3.8,-5.8
4647,-3.5,-5.7
4648,-3.3,-5.5
4649,-3.6,-6.0
4650,-3.8,-6.5
4651,-4.1,-7.0
4652,-4.3,-7.1
4653,-4.5,-7.2
4654,-4.7,-7.3
4655,-5.0,-7.2
4656,-5.3,-7.1
4657,-5.6,-7.0
4658,-6.2,-8.3
4659,-6.8,-9.5
4660,-7.4,-10.8
4661,-7.2,-10.4
4662,-6.9,-10.0
4663,-6.7,-9.6
4664,-6.4,-9.5
4665,-6.0,-9.4
4666,-5.7,-9.3
4667,-4.2,-7.3
4668,-2.6,-5.2
4669,-1.1,-3.2
4670,-0.7,-2.9
4671,-0.2,-2.5
4672,0.2,-2.2
4673,-0.5,-2.9
4674,-1.2,-3.6
4675,-1.9,-4.3
4676,-2.2,-4.4
4677,-2.6,-4.4
4678,-2.9,-4.5
4679,-3.3,-5.2
4680,-3.7,-5.9
4681,-4.1,-6.6
4682,-4.3,-6.5
4683,-4.6,-6.5
4684,-4.8,-6.4
4685,-5.2,-6.3
4686,-5.6,-6.1
4687,-6.0,-6.0
4688,-6.2,-6.6
4689,-6.4,-7.3
4690,-6.6,-7.9
4691,-5.9,-7.3
4692,-5.3,-6.8
4693,-4.6,-6.2
4694,-4.4,-5.5
4695,-4.3,-4.8
4696,-4.1,-4.1
4697,-4.7,-4.7
4698,-5.2,-5.2
4699,-5.8,-5.8
4700,-5.6,-5.6
4701,-5.4,-5.4
4702,-5.2,-5.2
4703,-5.5,-5.5
4704,-3.9,-7.4
4705,-3.7,-7.1
4706,-3.7,-6.8
4707,-3.7,-6.6
4708,-3.7,-6.8
4709,-3.9,-7.0
4710,-4.3,-7.5
4711,-4.3,-7.3
4712,-4.1,-7.0
4713,-3.7,-6.3
4714,-1.9,-4.3
4715,2.2,-0.2
4716,4.2,1.8
4717,5.5,3.5
4718,6.3,4.3
4719,6.7,4.8
4720,6.6,4.9
4721,5.9,4.0
4722,4.1,2.3
4723,2.4,1.0
4724,-1.1,-2.9
4725,-1.1,-3.0
4726,-0.9,-3.1
4727,-1.1,-3.5
4728,-1.3,-3.2
4729,-1.3,-3.2
4730,-1.2,-3.1
4731,-1.0,-2.7
4732,-1.2,-2.4
4733,-1.5,-1.5
4734,-1.7,-1.7
4735,-1.8,-1.8
4736,-1.8,-2.8
4737,-1.7,-3.2
4738,-0.5,-1.8
4739,1.5,0.3
4740,3.5,2.7
4741,5.9,5.0
4742,7.1,6.7
4743,6.0,4.2
4744,7.4,7.2
4745,6.2,6.2
4746,5.2,3.8
4747,2.1,2.1
4748,0.8,0.8
4749,2.3,0.4
4750,-0.5,-1.4
4751,-0.6,-1.7
4752,1.2,-1.7
4753,-0.2,-0.8
4754,-0.1,-1.2
4755,0.5,-2.7
4756,0.2,-1.0
4757,-0.6,-1.5
4758,-0.4,-3.2
4759,-1.2,-2.6
4760,-1.6,-3.2
4761,0.4,-1.5
4762,3.6,3.6
4763,6.5,6.2
4764,8.0,7.9
4765,9.1,7.8
4766,10.0,8.8
4767,11.0,10.5
4768,9.6,8.4
4769,9.0,7.9
4770,9.0,8.8
4771,3.3,3.3
4772,1.2,1.2
4773,2.1,1.3
4774,1.2,1.2
4775,1.0,1.0
4776,2.9,0.0
4777,0.7,-0.1
4778,0.6,-0.2
4779,2.9,-0.7
4780,0.4,-1.3
4781,0.4,-2.0
4782,2.3,-1.8
4783,0.1,-2.6
4784,0.0,-2.8
4785,1.5,-3.1
4786,3.4,0.1
4787,6.7,3.4
4788,6.2,1.9
4789,8.8,5.3
4790,8.2,4.4
4791,8.1,4.3
4792,8.3,4.4
4793,7.9,3.8
4794,6.1,1.6
4795,3.5,-1.4
4796,1.3,-3.9
4797,0.6,-4.7
4798,0.4,-5.1
4799,0.5,-5.2
4800,1.1,-4.6
4801,0.0,-5.6
4802,-0.7,-6.5
4803,-1.0,-6.7
4804,-1.5,-7.2
4805,-2.2,-7.7
4806,-2.9,-7.7
4807,-3.6,-7.4
4808,-4.0,-6.8
4809,-3.4,-5.7
4810,-0.8,-3.6
4811,2.4,-0.5
4812,4.0,0.9
4813,4.9,1.7
4814,5.3,2.2
4815,4.7,1.7
4816,4.4,2.0
4817,3.8,2.9
4818,2.9,2.9
4819,-0.2,-3.4
4820,-2.0,-5.9
4821,-2.3,-6.4
4822,-2.1,-7.0
4823,-1.7,-7.5
4824,-2.1,-8.2
4825,-2.4,-8.5
4826,-2.7,-8.8
4827,-3.0,-9.1
4828,-3.2,-9.6
4829,-3.4,-10.0
4830,-3.6,-10.5
4831,-3.5,-10.4
4832,-3.5,-10.4
4833,-3.4,-10.3
4834,-1.8,-8.4
4835,-0.1,-6.4
4836,1.5,-4.5
4837,1.8,-4.2
4838,2.2,-3.8
4839,2.5,-3.5
4840,1.9,-4.2
4841,1.2,-4.8
4842,0.6,-5.5
4843,-0.6,-7.1
4844,-1.7,-8.7
4845,-2.9,-10.3
4846,-2.9,-10.1
4847,-3.0,-9.8
4848,-3.0,-9.6
4849,-3.3,-9.7
4850,-3.6,-9.7
4851,-3.9,-9.8
4852,-3.9,-9.3
4853,-3.9,-8.8
4854,-3.9,-8.3
4855,-3.6,-7.5
4856,-3.2,-6.8
4857,-2.9,-6.0
4858,-1.1,-3.7
4859,0.8,-1.4
4860,2.6,0.9
4861,3.5,1.6
4862,4.4,2.2
4863,5.3,2.9
4864,4.6,1.9
4865,4.0,0.8
4866,3.3,-0.2
4867,1.4,-1.8
4868,-0.5,-3.4
4869,-2.4,-5.0
4870,-2.5,-4.9
4871,-2.7,-4.9
4872,-2.8,-4.8
4873,-3.2,-4.5
4874,-3.5,-4.2
4875,-3.9,-3.9
4876,-4.0,-4.0
4877,-4.1,-4.1
4878,-4.2,-4.2
4879,-3.7,-4.6
4880,-3.2,-4.9
4881,-2.7,-5.3
4882,-2.2,-5.5
4883,-1.6,-5.6
4884,-1.1,-5.8
4885,-1.0,-6.0
4886,-0.9,-6.3
4887,-0.8,-6.5
4888,-1.2,-6.7
4889,-1.5,-7.0
4890,-1.9,-7.2
4891,-2.6,-7.6
4892,-3.3,-7.9
4893,-4.0,-8.3
4894,-4.2,-8.4
4895,-4.4,-8.4
4896,-4.6,-8.5
4897,-4.6,-8.3
4898,-4.5,-8.2
4899,-4.5,-8.0
4900,-4.5,-7.9
4901,-4.6,-7.9
4902,-4.6,-7.8
4903,-4.7,-7.3
4904,-4.8,-6.8
4905,-4.9,-6.3
4906,-2.9,-3.8
4907,-0.8,-1.3
4908,1.2,1.2
4909,1.5,1.5
4910,1.8,1.8
4911,2.1,2.1
4912,1.3,1.1
4913,0.6,0.2
4914,-0.2,-0.8
4915,-1.4,-2.3
4916,-2.7,-3.9
4917,-3.9,-5.4
4918,-4.5,-6.4
4919,-5.1,-7.5
4920,-5.7,-8.5
4921,-5.8,-8.7
4922,-5.9,-9.0
4923,-6.0,-9.2
4924,-6.1,-9.4
4925,-6.1,-9.6
4926,-6.2,-9.8
4927,-5.7,-9.4
4928,-5.3,-9.0
4929,-4.8,-8.6
4930,-3.1,-6.9
4931,-1.5,-5.3
4932,0.2,-3.6
4933,1.0,-2.6
4934,1.7,-1.5
4935,2.5,-0.5
4936,2.4,-0.4
4937,2.3,-0.3
4938,2.2,-0.2
4939,-0.2,-2.9
4940,-2.6,-5.6
4941,-5.0,-8.3
4942,-5.2,-8.3
4943,-5.3,-8.2
4944,-5.5,-8.2
4945,-5.4,-7.8
4946,-5.4,-7.4
4947,-5.3,-7.0
4948,-5.1,-6.9
4949,-5.0,-6.9
4950,-4.8,-6.8
4951,-4.2,-6.7
4952,-3.6,-6.5
4953,-3.0,-6.4
4954,0.4,-2.3
4955,3.7,1.7
4956,7.1,5.8
4957,8.3,7.1
4958,9.6,8.5
4959,10.8,9.8
4960,9.9,9.2
4961,9.0,8.6
4962,8.1,8.0
4963,5.0,4.3
4964,1.9,0.6
4965,-1.2,-3.1
4966,-1.3,-3.4
4967,-1.4,-3.7
4968,-1.5,-4.0
4969,-1.4,-4.0
4970,-1.4,-4.1
4971,-1.3,-4.1
4972,-1.3,-4.0
4973,-1.3,-4.0
4974,-1.3,-3.9
4975,-1.0,-3.5
4976,-0.6,-3.0
4977,-0.3,-2.6
4978,2.2,0.1
4979,4.6,2.8
4980,7.1,5.5
4981,7.8,6.2
4982,8.5,7.0
4983,9.2,7.7
4984,8.2,6.7
4985,7.1,5.6
4986,6.1,4.6
4987,4.2,2.9
4988,2.3,1.1
4989,0.4,-0.6
4990,0.0,-1.3
4991,-0.4,-2.0
4992,-0.8,-2.7
4993,-0.4,-3.6
4994,0.1,-4.5
4995,0.5,-5.4
4996,-0.4,-6.1
4997,-1.4,-6.8
4998,-2.3,-7.5
4999,-2.3,-7.3
5000,-2.4,-7.0
5001,-2.4,-6.8
5002,-1.2,-6.1
5003,0.0,-5.3
5004,1.2,-4.6
5005,1.2,-4.8
5006,1.3,-5.0
5007,1.3,-5.2
5008,1.0,-5.1
5009,0.6,-5.1
5010,0.3,-5.0
5011,-0.1,-5.5
5012,-0.4,-6.1
5013,-0.8,-6.6
5014,-0.9,-7.1
5015,-0.9,-7.6
5016,-1.0,-8.1
5017,-1.6,-8.3
5018,-2.1,-8.6
5019,-2.7,-8.8
5020,-3.2,-8.8
5021,-3.7,-8.7
5022,-4.2,-8.7
5023,-4.2,-9.1
5024,-4.2,-9.4
5025,-4.2,-9.8
5026,-3.8,-9.7
5027,-3.3,-9.6
5028,-2.9,-9.5
5029,-2.8,-9.5
5030,-2.7,-9.4
5031,-2.6,-9.4
5032,-2.6,-9.2
5033,-2.7,-8.9
5034,-2.7,-8.7
5035,-3.3,-9.1
5036,-4.0,-9.4
5037,-4.6,-9.8
5038,-4.7,-9.8
5039,-4.9,-9.9
5712,-3.4,-10.3
5713,-3.1,-9.9
5714,-2.8,-9.5
5715,-2.6,-9.5
5716,-2.6,-9.6
5717,-3.9,-10.2
5718,-3.7,-10.3
5719,-3.5,-10.0
5720,-3.5,-10.2
5721,-3.7,-10.6
5722,-3.5,-10.6
5723,-2.5,-9.6
5724,-1.2,-8.2
5725,-0.9,-8.1
5726,-0.6,-7.8
5727,0.3,-6.8
5728,2.7,-3.6
5729,0.9,-6.1
5730,1.0,-6.2
5731,1.2,-5.8
5732,0.3,-6.9
5733,-0.6,-7.5
5734,-1.8,-8.7
5735,-4.9,-13.1
5736,-6.3,-14.8
5737,-7.5,-16.2
5738,-8.7,-17.7
5739,-9.9,-19.2
5740,-10.7,-20.1
5741,-11.5,-21.1
5742,-12.2,-21.9
5743,-12.9,-22.8
5744,-13.6,-23.6
5745,-14.1,-24.1
5746,-14.2,-24.3
5747,-13.8,-23.9
5748,-13.6,-23.8
5749,-13.3,-23.6
5750,-12.9,-23.3
5751,-12.3,-21.2
5752,-11.7,-20.9
5753,-10.4,-19.4
5754,-11.2,-20.0
5755,-11.1,-19.8
5756,-12.8,-22.6
5757,-11.8,-20.8
5758,-12.0,-21.0
5759,-12.7,-20.9
5760,-13.4,-21.7
5761,-14.0,-21.9
5762,-12.5,-17.6
5763,-14.6,-21.4
5764,-14.7,-21.1
5765,-11.9,-14.9
5766,-15.0,-19.1
5767,-15.1,-20.6
5768,-10.3,-14.1
5769,-15.6,-22.4
5770,-14.7,-21.1
5771,-8.1,-16.2
5772,-11.5,-17.5
5773,-9.7,-15.9
5774,-4.9,-12.5
5775,-6.6,-13.1
5776,-4.6,-10.8
5777,-2.4,-8.7
5778,-4.5,-10.1
5779,-4.5,-10.0
5780,-2.7,-9.2
5781,-4.0,-10.3
5782,-3.3,-9.7
5783,-1.6,-8.1
5784,-1.9,-8.3
5785,-1.1,-7.3
5786,-0.6,-6.8
5787,-0.2,-6.2
5788,-0.1,-6.2
5789,0.1,-5.8
5790,0.3,-5.5
5791,0.7,-5.0
5792,0.1,-5.2
5793,1.1,-4.3
5794,1.8,-3.6
5795,1.6,-3.3
5796,4.0,-1.1
5797,4.5,-0.5
5798,4.4,-0.2
5799,5.0,0.2
5800,4.1,-0.9
5801,4.2,-0.8
5802,3.7,-1.4
5803,3.7,-1.3
5804,3.1,-1.9
5805,3.0,-1.9
5806,3.0,-1.9
5807,3.0,-2.0
5808,2.4,-2.7
5809,2.2,-3.0
5810,1.8,-3.4
5811,1.3,-3.9
5812,0.9,-4.1
5813,0.9,-3.8
5814,0.6,-4.0
5815,0.3,-4.1
5816,0.3,-3.7
5817,0.4,-3.5
5818,0.8,-3.3
5819,1.3,-2.6
5820,1.9,-1.8
5821,2.2,-1.6
5822,2.4,-1.3
5823,2.4,-0.8
5824,2.3,-0.5
5825,2.0,-0.8
5826,1.1,-2.2
5827,0.8,-2.1
5828,-0.2,-3.1
5829,-0.6,-3.3
5830,-0.7,-3.4
5831,-0.6,-3.5
5832,-0.7,-3.8
5833,-0.5,-3.8
5834,-0.3,-3.9
5835,0.3,-3.3
5836,0.8,-2.8
5837,1.4,-2.2
5838,2.7,-1.3
5839,4.0,-0.4
5840,5.3,0.5
5841,5.9,1.2
5842,6.6,1.9
5843,7.2,2.6
5844,7.8,3.3
5845,8.3,4.1
5846,8.9,4.8
5847,8.9,4.8
5848,8.8,4.9
5849,8.8,4.9
5850,7.8,3.7
5851,6.8,2.4
5852,5.8,1.2
5853,4.9,0.0
5854,4.1,-1.1
5855,3.2,-2.3
5856,2.8,-2.9
5857,2.4,-3.6
5858,2.0,-4.2
5859,1.5,-4.9
5860,0.9,-5.7
5861,0.4,-6.4
5862,-0.1,-7.0
5863,-0.6,-7.5
5864,-1.1,-8.1
5865,-1.0,-7.8
5866,-0.8,-7.6
5867,-0.7,-7.3
5868,0.0,-6.4
5869,0.7,-5.6
5870,1.4,-4.7
5871,2.3,-3.2
5872,3.2,-1.8
5873,4.1,-0.3
5874,2.6,-1.8
5875,1.1,-3.4
5876,-0.4,-4.9
5877,-0.3,-4.8
5878,-0.1,-4.8
5879,0.0,-4.7
5880,0.1,-4.5
5881,0.2,-4.4
5882,0.3,-4.2
5883,0.3,-4.0
5884,0.3,-3.8
5885,0.3,-3.6
5886,0.3,-3.5
5887,0.2,-3.4
5888,0.2,-3.3
5889,1.2,-2.0
5890,2.1,-0.7
5891,3.1,0.6
5892,3.7,1.8
5893,4.2,3.1
5894,4.8,4.3
5895,4.7,4.1
5896,4.7,4.0
5897,4.6,3.8
5898,4.0,2.5
5899,3.3,1.2
5900,2.7,-0.1
5901,2.9,0.2
5902,3.0,0.4
5903,3.2,0.7
5904,3.4,1.5
5905,3.6,2.2
5906,3.8,3.0
5907,4.2,2.9
5908,4.7,2.8
5909,5.1,2.7
5910,5.1,1.8
5911,5.0,0.9
5912,5.0,0.0
5913,4.5,-0.5
5914,4.1,-1.1
5915,3.6,-1.6
5916,2.7,-1.9
5917,1.8,-2.3
5918,0.9,-2.6
5919,0.7,-2.7
5920,0.6,-2.9
5921,0.4,-3.0
5922,0.1,-3.4
5923,-0.3,-3.9
5924,-0.6,-4.3
5925,-0.7,-4.3
5926,-0.8,-4.3
5927,-0.9,-4.3
5928,-1.1,-4.7
5929,-1.2,-5.1
5930,-1.4,-5.5
5931,-1.7,-6.2
5932,-2.1,-6.8
5933,-2.4,-7.5
5934,-2.6,-7.8
5935,-2.9,-8.0
5936,-3.1,-8.3
5937,-3.0,-8.2
5938,-3.0,-8.1
5939,-2.9,-8.0
5940,-2.9,-8.2
5941,-3.0,-8.4
5942,-3.0,-8.6
5943,-3.2,-8.8
5944,-3.5,-9.0
5945,-3.7,-9.2
5946,-4.0,-9.3
5947,-4.3,-9.3
5948,-4.6,-9.4
5949,-4.6,-9.4
5950,-4.5,-9.5
5951,-4.5,-9.5
5952,-4.9,-10.2
5953,-5.4,-10.8
5954,-5.8,-11.5
5955,-6.1,-11.4
5956,-6.5,-11.4
5957,-6.8,-11.3
5958,-6.9,-11.2
5959,-7.0,-11.0
5960,-7.1,-10.9
5961,-6.5,-10.2
5962,-6.0,-9.6
5963,-5.4,-8.9
5964,-3.9,-7.3
5965,-2.3,-5.6
5966,-0.8,-4.0
5967,-0.3,-3.6
5968,0.1,-3.2
5969,0.6,-2.8
5970,-0.8,-4.7
5971,-2.1,-6.5
5972,-3.5,-8.4
5973,-3.6,-8.6
5974,-3.8,-8.9
5975,-3.9,-9.1
5976,-3.8,-8.8
5977,-3.7,-8.6
5978,-3.6,-8.3
5979,-3.3,-7.9
5980,-3.1,-7.4
5981,-2.8,-7.0
5982,-2.8,-6.9
5983,-2.7,-6.9
5984,-2.7,-6.8
5985,-1.8,-6.0
5986,-0.9,-5.2
5987,0.0,-4.4
5988,1.0,-2.5
5989,2.1,-0.7
5990,3.1,1.2
5991,3.0,1.7
5992,2.8,2.2
5993,2.7,2.7
5994,1.9,1.5
5995,1.2,0.4
5996,0.4,-0.8
5997,0.4,-0.4
5998,0.3,-0.1
5999,0.3,0.3
6000,0.2,-0.1
6001,0.1,-0.6
6002,0.0,-1.0
6003,0.1,-0.6
6004,0.1,-0.2
6005,0.2,0.2
6006,0.2,-0.5
6007,0.1,-1.1
6008,0.1,-1.8
6009,0.3,-1.7
6010,0.6,-1.5
6011,0.8,-1.4
6012,0.8,-1.8
6013,0.9,-2.2
6014,0.9,-2.6
6015,0.5,-3.3
6016,0.2,-3.9
6017,-0.2,-4.6
6018,-0.5,-4.6
6019,-0.8,-4.5
6020,-1.1,-4.5
6021,-1.1,-4.5
6022,-1.0,-4.6
6023,-1.0,-4.6
6024,-1.1,-4.7
6025,-1.2,-4.7
6026,-1.3,-4.8
6027,-1.3,-4.7
6028,-1.2,-4.6
6029,-1.2,-4.5
6030,-1.4,-4.6
6031,-1.6,-4.7
6032,-1.8,-4.8
6033,-1.3,-4.5
6034,-0.7,-4.2
6035,-0.2,-3.9
6036,0.2,-3.7
6037,0.7,-3.4
6038,1.1,-3.2
6039,1.0,-3.1
6040,1.0,-3.1
6041,0.9,-3.0
6042,0.5,-3.1
6043,0.1,-3.3
6044,-0.3,-3.4
6045,0.1,-3.4
6046,0.4,-3.5
6047,0.8,-3.5
6720,-3.6,-10.2
6721,-3.3,-9.8
6722,-3.0,-9.4
6723,-2.7,-9.3
6724,-2.7,-9.4
6725,-3.7,-9.7
6726,-3.6,-9.9
6727,-3.5,-9.7
6728,-3.4,-9.8
6729,-3.4,-10.1
6730,-3.2,-10.1
6731,-2.5,-9.6
6732,-1.6,-8.8
6733,-1.2,-8.5
6734,-0.9,-8.2
6735,0.2,-6.9
6736,2.5,-3.9
6737,0.7,-6.3
6738,0.6,-6.7
6739,0.8,-6.2
6740,-0.1,-7.2
6741,-1.2,-7.9
6742,-2.3,-9.5
6743,-5.1,-13.5
6744,-6.7,-15.5
6745,-7.9,-16.9
6746,-9.2,-18.5
6747,-10.2,-19.7
6748,-11.0,-20.6
6749,-11.7,-21.4
6750,-12.4,-22.3
6751,-13.0,-23.0
6752,-13.6,-23.6
6753,-14.1,-24.1
6754,-14.1,-24.0
6755,-13.9,-23.9
6756,-13.9,-24.1
6757,-13.6,-24.0
6758,-13.3,-23.9
6759,-12.5,-21.1
6760,-11.9,-20.8
6761,-10.8,-20.1
6762,-11.5,-19.9
6763,-11.3,-19.5
6764,-12.9,-22.9
6765,-11.7,-20.5
6766,-12.3,-21.2
6767,-12.7,-21.1
6768,-13.7,-21.7
6769,-14.4,-22.1
6770,-12.6,-17.8
6771,-14.9,-21.7
6772,-15.0,-21.3
6773,-12.5,-16.0
6774,-15.1,-19.2
6775,-15.0,-19.8
6776,-11.2,-15.0
6777,-15.3,-21.9
6778,-14.7,-20.9
6779,-8.0,-15.3
6780,-12.0,-17.8
6781,-10.3,-16.1
6782,-5.2,-12.8
6783,-6.5,-12.5
6784,-5.0,-11.0
6785,-2.9,-9.2
6786,-4.9,-10.2
6787,-4.8,-9.8
6788,-2.5,-8.6
6789,-4.0,-9.8
6790,-3.4,-9.3
6791,-1.5,-7.8
6792,-2.1,-8.1
6793,-1.2,-7.0
6794,-0.5,-6.5
6795,0.0,-5.7
6796,0.1,-5.7
6797,-0.1,-5.9
6798,0.5,-5.0
6799,0.8,-4.7
6800,-0.2,-5.3
6801,1.1,-4.2
6802,1.7,-3.6
6803,1.5,-3.3
6804,3.8,-1.2
6805,4.3,-0.6
6806,4.1,-0.6
6807,4.7,-0.1
6808,3.7,-1.3
6809,4.1,-0.8
6810,3.6,-1.3
6811,3.5,-1.3
6812,2.9,-2.0
6813,2.8,-1.9
6814,2.8,-1.9
6815,2.8,-2.0
6816,2.3,-2.5
6817,2.1,-2.7
6818,1.8,-2.9
6819,1.4,-3.2
6820,1.0,-3.5
6821,0.9,-3.3
6822,0.7,-3.6
6823,0.4,-3.6
6824,0.5,-3.1
6825,0.6,-2.9
6826,0.9,-2.8
6827,1.2,-2.4
6828,1.9,-1.5
6829,2.3,-1.2
6830,2.5,-0.9
6831,2.4,-0.5
6832,2.5,0.2
6833,2.1,0.0
6834,1.1,-1.6
6835,0.7,-2.0
6836,0.0,-2.7
6837,-0.6,-3.2
6838,-0.8,-3.4
6839,-0.8,-3.4
6840,-0.8,-3.5
6841,-0.6,-3.6
6842,-0.3,-3.6
6843,0.1,-3.2
6844,0.5,-2.8
6845,0.9,-2.4
6846,2.3,-1.4
6847,3.8,-0.3
6848,5.2,0.7
6849,5.8,1.3
6850,6.3,1.8
6851,6.9,2.4
6852,7.5,3.2
6853,8.1,3.9
6854,8.7,4.7
6855,8.6,4.7
6856,8.6,4.7
6857,8.5,4.7
6858,7.8,3.9
6859,7.1,3.0
6860,6.4,2.2
6861,5.5,1.0
6862,4.5,-0.2
6863,3.6,-1.4
6864,3.2,-2.1
6865,2.7,-2.7
6866,2.3,-3.4
6867,1.7,-4.2
6868,1.0,-5.1
6869,0.4,-5.9
6870,-0.2,-6.6
6871,-0.7,-7.2
6872,-1.3,-7.9
6873,-1.1,-7.5
6874,-0.9,-7.2
6875,-0.7,-6.8
6876,0.0,-6.0
6877,0.8,-5.1
6878,1.5,-4.3
6879,2.4,-2.8
6880,3.4,-1.3
6881,4.3,0.2
6882,2.7,-1.4
6883,1.1,-3.1
6884,-0.5,-4.7
6885,-0.3,-4.5
6886,0.0,-4.3
6887,0.2,-4.1
6888,0.2,-4.0
6889,0.3,-3.9
6890,0.3,-3.8
6891,0.3,-3.7
6892,0.3,-3.5
6893,0.3,-3.4
6894,0.3,-3.3
6895,0.2,-3.1
6896,0.2,-3.0
6897,1.0,-1.9
6898,1.9,-0.7
6899,2.7,0.4
6900,3.3,1.4
6901,3.8,2.5
6902,4.4,3.5
6903,4.4,3.5
6904,4.3,3.6
6905,4.3,3.6
6906,3.7,2.4
6907,3.2,1.1
6908,2.6,-0.1
6909,2.6,-0.1
6910,2.7,0.0
6911,2.7,0.0
6912,2.7,0.2
6913,2.7,0.3
6914,2.7,0.5
6915,3.1,1.0
6916,3.5,1.5
6917,3.9,2.0
6918,4.3,1.5
6919,4.6,0.9
6920,5.0,0.4
6921,4.5,-0.1
6922,4.1,-0.7
6923,3.6,-1.2
6924,2.5,-1.9
6925,1.5,-2.7
6926,0.4,-3.4
6927,0.4,-3.3
6928,0.3,-3.3
6929,0.3,-3.2
6930,0.0,-3.5
6931,-0.3,-3.9
6932,-0.6,-4.2
6933,-0.7,-4.1
6934,-0.8,-3.9
6935,-0.9,-3.8
6936,-1.2,-4.4
6937,-1.4,-5.1
6938,-1.7,-5.7
6939,-2.0,-6.3
6940,-2.2,-6.9
6941,-2.5,-7.5
6942,-2.8,-7.8
6943,-3.0,-8.1
6944,-3.3,-8.4
6945,-3.2,-8.3
6946,-3.0,-8.1
6947,-2.9,-8.0
6948,-2.9,-8.1
6949,-2.9,-8.3
6950,-2.9,-8.4
6951,-3.1,-8.5
6952,-3.3,-8.6
6953,-3.5,-8.7
6954,-3.8,-8.8
6955,-4.2,-8.9
6956,-4.5,-9.0
6957,-4.5,-9.1
6958,-4.5,-9.3
6959,-4.5,-9.4
6960,-5.0,-10.1
6961,-5.5,-10.8
6962,-6.0,-11.5
6963,-6.3,-11.4
6964,-6.5,-11.3
6965,-6.8,-11.2
6966,-6.9,-11.0
6967,-7.0,-10.8
6968,-7.1,-10.6
6969,-6.6,-9.9
6970,-6.0,-9.3
6971,-5.5,-8.6
6972,-4.2,-7.3
6973,-2.9,-6.1
6974,-1.6,-4.8
6975,-1.2,-4.4
6976,-0.8,-4.1
6977,-0.4,-3.7
6978,-1.4,-5.2
6979,-2.5,-6.6
6980,-3.5,-8.1
6981,-3.8,-8.5
6982,-4.0,-9.0
6983,-4.3,-9.4
6984,-4.2,-9.1
6985,-4.0,-8.8
6986,-3.9,-8.5
6987,-3.7,-8.1
6988,-3.4,-7.8
6989,-3.2,-7.4
6990,-3.1,-7.2
6991,-3.0,-7.0
6992,-2.9,-6.8
6993,-2.0,-6.0
6994,-1.1,-5.1
6995,-0.2,-4.3
6996,0.8,-2.5
6997,1.8,-0.8
6998,2.8,1.0
6999,2.7,1.5
7000,2.6,2.0
7001,2.5,2.5
7002,1.7,1.3
7003,0.9,0.1
7004,0.1,-1.1
7005,0.1,-0.7
7006,0.2,-0.2
7007,0.2,0.2
7008,0.1,0.1
7009,0.1,0.1
7010,0.0,0.0
7011,0.0,0.0
7012,0.1,0.1
7013,0.1,0.1
7014,0.1,-0.4
7015,0.0,-0.9
7016,0.0,-1.4
7017,0.2,-1.5
7018,0.4,-1.5
7019,0.6,-1.6
7020,0.6,-2.2
7021,0.5,-2.7
7022,0.5,-3.3
7023,0.2,-3.8
7024,-0.1,-4.2
7025,-0.4,-4.7
7026,-0.6,-4.6
7027,-0.9,-4.4
7028,-1.1,-4.3
7029,-1.1,-4.3
7030,-1.0,-4.4
7031,-1.0,-4.4
7032,-1.0,-4.3
7033,-1.1,-4.3
7034,-1.1,-4.2
7035,-1.1,-4.2
7036,-1.1,-4.1
7037,-1.1,-4.1
7038,-1.4,-4.3
7039,-1.7,-4.5
7040,-2.0,-4.7
7041,-1.5,-4.4
7042,-0.9,-4.1
7043,-0.4,-3.8
7044,0.3,-3.3
7045,0.9,-2.9
7046,1.6,-2.4
7047,1.3,-2.7
7048,1.0,-2.9
7049,0.7,-3.2
7050,0.4,-3.2
7051,0.1,-3.2
7052,-0.2,-3.2
7053,0.1,-3.2
7054,0.4,-3.2
7055,0.7,-3.2
7056,-5.9,-12.1
7057,-5.8,-12.0
7058,-5.9,-12.2
7059,-5.5,-12.0
7060,-5.0,-11.6
7061,-7.1,-13.7
7062,-7.0,-13.6
7063,-6.8,-13.3
7064,-6.7,-13.2
7065,-6.3,-13.0
7066,-4.9,-11.6
7067,-3.0,-9.5
7068,-1.8,-8.3
7069,-0.5,-6.9
7070,0.6,-5.7
7071,1.0,-5.3
7072,3.6,-2.0
7073,3.5,-2.1
7074,0.9,-5.7
7075,0.9,-5.7
7076,0.3,-6.7
7077,-0.4,-7.7
7078,-1.2,-8.5
7079,-3.9,-13.1
7080,-6.1,-16.2
7081,-7.3,-17.6
7082,-8.0,-18.1
7083,-8.6,-18.5
7084,-9.7,-19.9
7085,-11.1,-21.7
7086,-12.2,-23.1
7087,-12.9,-23.9
7088,-13.7,-25.0
7089,-14.3,-25.9
7090,-14.9,-26.9
7091,-14.9,-26.9
7092,-14.9,-27.0
7093,-14.7,-26.7
7094,-14.2,-26.0
7095,-13.8,-24.7
7096,-13.3,-24.4
7097,-11.7,-21.7
7098,-11.4,-22.6
7099,-11.4,-22.7
7100,-12.9,-24.8
7101,-13.6,-25.3
7102,-14.5,-26.0
7103,-12.8,-23.7
7104,-15.7,-27.1
7105,-16.1,-27.2
7106,-13.6,-23.1
7107,-16.6,-26.7
7108,-16.6,-26.1
7109,-13.2,-18.4
7110,-16.4,-24.6
7111,-16.3,-23.5
7112,-13.8,-20.2
7113,-15.8,-15.8
7114,-15.4,-18.5
7115,-9.9,-17.1
7116,-13.4,-19.1
7117,-12.2,-18.3
7118,-6.4,-13.7
7119,-9.4,-15.4
7120,-8.3,-14.1
7121,-3.6,-9.8
7122,-6.3,-11.0
7123,-6.6,-11.1
7124,-4.7,-11.1
7125,-6.0,-11.4
7126,-5.2,-10.7
7127,-3.7,-9.9
7128,-3.9,-9.2
7129,-3.4,-8.8
7130,-3.5,-9.4
7131,-2.7,-8.3
7132,-1.9,-7.3
7133,-3.2,-8.8
7134,-0.9,-6.1
7135,-0.5,-5.5
7136,-3.5,-8.9
7137,0.1,-4.6
7138,1.2,-3.5
7139,-0.1,-4.8
7140,3.6,-0.7
7141,4.5,0.5
7142,4.7,1.3
7143,5.6,1.8
7144,5.7,2.0
7145,5.2,1.3
7146,4.9,0.8
7147,4.7,0.3
7148,4.2,-0.5
7149,4.3,-0.3
7150,4.4,-0.2
7151,4.0,-0.4
7152,3.3,-1.0
7153,2.8,-1.3
7154,2.5,-1.5
7155,2.3,-2.0
7156,2.1,-2.4
7157,1.6,-2.9
7158,1.4,-3.3
7159,1.2,-3.4
7160,0.9,-3.6
7161,0.8,-3.5
7162,1.2,-3.0
7163,2.1,-2.1
7164,2.5,-1.6
7165,3.1,-1.0
7166,3.3,-1.0
7167,3.0,-1.1
7168,2.3,-1.7
7169,2.0,-1.6
7170,1.5,-2.0
7171,1.1,-2.4
7172,0.9,-2.4
7173,0.9,-1.7
7174,0.6,-1.1
7175,0.3,-1.4
7176,-0.2,-3.0
7177,-0.5,-3.6
7178,-0.5,-4.0
7179,-0.3,-4.0
7180,-0.2,-3.9
7181,0.0,-3.9
7182,0.8,-3.3
7183,1.7,-2.8
7184,2.5,-2.2
7185,4.3,-0.3
7186,6.1,1.5
7187,7.9,3.4
7188,8.6,4.4
7189,9.4,5.4
7190,10.1,6.4
7191,10.1,6.5
7192,10.2,6.7
7193,10.2,6.8
7194,9.6,6.1
7195,8.9,5.3
7196,8.3,4.6
7197,7.2,3.0
7198,6.1,1.4
7199,5.0,-0.2
7200,4.2,-1.3
7201,3.5,-2.4
7202,2.7,-3.5
7203,2.5,-3.8
7204,2.2,-4.2
7205,2.0,-4.5
7206,1.2,-5.6
7207,0.4,-6.8
7208,-0.4,-7.9
7209,-0.4,-7.9
7210,-0.3,-7.8
7211,-0.3,-7.8
7212,0.2,-7.2
7213,0.6,-6.5
7214,1.1,-5.9
7215,1.3,-5.5
7216,1.5,-5.1
7217,1.7,-4.7
7218,1.0,-5.2
7219,0.3,-5.6
7220,-0.4,-6.1
7221,-0.5,-6.0
7222,-0.5,-5.9
7223,-0.6,-5.8
7224,-0.6,-5.7
7225,-0.7,-5.6
7226,-0.7,-5.5
7227,-0.5,-5.2
7228,-0.3,-5.0
7229,-0.1,-4.7
7230,-0.2,-4.5
7231,-0.3,-4.2
7232,-0.4,-4.0
7233,0.6,-2.8
7234,1.5,-1.5
7235,2.5,-0.3
7236,3.4,1.6
7237,4.4,3.4
7238,5.3,5.3
7239,4.7,4.0
7240,4.2,2.7
7241,3.6,1.4
7242,3.0,0.2
7243,2.4,-0.9
7244,1.8,-2.1
7245,1.9,-2.1
7246,2.0,-2.0
7247,2.1,-2.0
7248,2.1,-2.1
7249,2.0,-2.2
7250,2.0,-2.3
7251,2.3,-1.7
7252,2.5,-1.1
7253,2.8,-0.5
7254,3.8,0.4
7255,4.7,1.3
7256,5.7,2.2
7257,5.3,1.3
7258,5.0,0.4
7259,4.6,-0.5
7260,3.0,-2.1
7261,1.4,-3.7
7262,-0.2,-5.3
7263,-0.2,-5.3
7264,-0.2,-5.2
7265,-0.2,-5.2
7266,-0.4,-4.9
7267,-0.7,-4.7
7268,-0.9,-4.4
7269,-0.9,-4.8
7270,-1.0,-5.1
7271,-1.0,-5.5
7272,-1.4,-6.1
7273,-1.7,-6.6
7274,-2.1,-7.2
7275,-2.4,-7.6
7276,-2.6,-8.0
7277,-2.9,-8.4
7278,-3.2,-8.8
7279,-3.5,-9.2
7280,-3.8,-9.6
7281,-3.9,-9.8
7282,-3.9,-9.9
7283,-4.0,-10.1
7284,-4.0,-10.0
7285,-4.0,-10.0
7286,-4.0,-9.9
7287,-4.3,-10.0
7288,-4.5,-10.1
7289,-4.8,-10.2
7290,-4.7,-10.0
7291,-4.6,-9.7
7292,-4.5,-9.5
7293,-4.3,-9.2
7294,-4.2,-8.9
7295,-4.0,-8.6
7296,-4.4,-9.4
7297,-4.7,-10.2
7298,-5.1,-11.0
7299,-5.6,-11.5
7300,-6.1,-11.9
7301,-6.6,-12.4
7302,-6.9,-12.4
7303,-7.1,-12.3
7304,-7.4,-12.3
7305,-7.0,-11.7
7306,-6.6,-11.1
7307,-6.2,-10.5
7308,-5.5,-9.7
7309,-4.7,-9.0
7310,-4.0,-8.2
7311,-3.3,-7.3
7312,-2.7,-6.4
7313,-2.0,-5.5
7314,-3.2,-7.3
7315,-4.3,-9.0
7316,-5.5,-10.8
7317,-5.5,-10.8
7318,-5.6,-10.9
7319,-5.6,-10.9
7320,-5.5,-10.7
7321,-5.5,-10.6
7322,-5.4,-10.4
7323,-5.1,-10.2
7324,-4.8,-10.0
7325,-4.5,-9.8
7326,-4.5,-10.0
7327,-4.5,-10.2
7328,-4.5,-10.4
7329,-3.2,-8.9
7330,-1.9,-7.4
7331,-0.6,-5.9
7332,0.2,-4.8
7333,1.1,-3.7
7334,1.9,-2.6
7335,1.8,-2.6
7336,1.8,-2.5
7337,1.7,-2.5
7338,0.9,-3.4
7339,0.2,-4.2
7340,-0.6,-5.1
7341,-0.6,-5.0
7342,-0.7,-4.8
7343,-0.7,-4.7
7344,-0.8,-4.4
7345,-0.8,-4.1
7346,-0.9,-3.8
7347,-1.0,-3.5
7348,-1.0,-3.2
7349,-1.1,-2.9
7350,-1.1,-2.8
7351,-1.0,-2.7
7352,-1.0,-2.6
7353,-0.6,-2.9
7354,-0.2,-3.2
7355,0.2,-3.5
7356,0.1,-3.9
7357,0.0,-4.4
7358,-0.1,-4.8
7359,-0.4,-5.0
7360,-0.6,-5.3
7361,-0.9,-5.5
7362,-0.9,-5.4
7363,-1.0,-5.4
7364,-1.0,-5.3
7365,-1.0,-5.3
7366,-0.9,-5.3
7367,-0.9,-5.3
7368,-1.0,-5.4
7369,-1.2,-5.5
7370,-1.3,-5.6
7371,-1.5,-5.6
7372,-1.7,-5.5
7373,-1.9,-5.5
7374,-2.0,-5.8
7375,-2.2,-6.2
7376,-2.3,-6.5
7377,-1.7,-6.0
7378,-1.1,-5.5
7379,-0.5,-5.0
7380,0.1,-4.1
7381,0.7,-3.3
7382,1.3,-2.4
7383,1.8,-1.4
7384,2.4,-0.3
7385,2.9,0.7
7386,1.9,-0.4
7387,0.9,-1.6
7388,-0.1,-2.7
7389,-0.1,-3.1
7390,-0.1,-3.4
7391,-0.1,-3.8
7392,-5.8,-11.8
7393,-5.9,-12.0
7394,-5.9,-12.0
7395,-5.5,-11.9
7396,-4.9,-11.4
7397,-7.1,-13.5
7398,-7.0,-13.5
7399,-6.8,-13.2
7400,-6.7,-13.1
7401,-6.3,-12.9
7402,-4.8,-11.4
7403,-3.0,-9.5
7404,-1.7,-8.1
7405,-0.4,-6.8
7406,0.6,-5.7
7407,1.1,-5.2
7408,3.7,-1.8
7409,3.5,-2.0
7410,0.7,-5.9
7411,0.7,-5.9
7412,0.2,-6.7
7413,-0.5,-7.7
7414,-1.2,-8.3
7415,-3.9,-12.8
7416,-6.3,-16.2
7417,-7.6,-17.6
7418,-8.3,-18.2
7419,-8.8,-18.4
7420,-9.7,-19.6
7421,-10.9,-21.0
7422,-12.1,-22.6
7423,-12.9,-23.5
7424,-13.7,-24.6
7425,-14.4,-25.7
7426,-14.9,-26.5
7427,-14.9,-26.6
7428,-14.9,-26.7
7429,-14.6,-26.2
7430,-14.2,-25.6
7431,-14.1,-25.0
7432,-13.6,-24.5
7433,-11.8,-21.5
7434,-11.9,-22.8
7435,-11.9,-23.0
7436,-13.2,-24.7
7437,-13.5,-24.8
7438,-14.6,-25.8
7439,-12.9,-23.3
7440,-15.8,-26.8
7441,-16.1,-26.8
7442,-13.5,-22.3
7443,-16.6,-26.3
7444,-16.7,-25.9
7445,-13.3,-17.4
7446,-16.5,-24.4
7447,-16.3,-23.0
7448,-13.7,-20.0
7449,-15.9,-15.9
7450,-15.5,-19.2
7451,-9.5,-16.4
7452,-13.5,-19.3
7453,-12.2,-18.2
7454,-6.5,-13.7
7455,-9.0,-14.8
7456,-7.8,-13.5
7457,-3.6,-9.7
7458,-6.5,-10.9
7459,-7.0,-11.2
7460,-4.6,-10.8
7461,-6.0,-11.1
7462,-5.1,-10.4
7463,-3.6,-9.6
7464,-3.9,-9.0
7465,-3.3,-8.7
7466,-3.3,-9.1
7467,-2.6,-8.1
7468,-1.7,-6.9
7469,-3.0,-8.4
7470,-0.8,-5.9
7471,-0.5,-5.4
7472,-3.4,-8.6
7473,0.1,-4.6
7474,1.3,-3.3
7475,0.8,-3.6
7476,3.6,-0.7
7477,4.5,0.4
7478,5.6,2.4
7479,5.5,1.6
7480,5.5,1.6
7481,4.9,0.8
7482,4.5,0.2
7483,4.3,-0.2
7484,4.1,-0.6
7485,4.2,-0.4
7486,4.4,-0.2
7487,3.8,-0.6
7488,3.3,-0.9
7489,2.8,-1.2
7490,2.5,-1.5
7491,2.3,-2.0
7492,2.0,-2.4
7493,1.6,-2.9
7494,1.3,-3.5
7495,1.1,-3.5
7496,0.7,-3.7
7497,0.7,-3.5
7498,1.2,-2.9
7499,2.0,-2.2
7500,2.4,-1.7
7501,3.0,-1.1
7502,3.3,-1.0
7503,2.9,-1.0
7504,2.8,-0.9
7505,2.5,-0.8
7506,1.2,-2.2
7507,0.8,-2.6
7508,0.7,-2.3
7509,0.6,-1.9
7510,0.2,-1.5
7511,-0.1,-2.0
7512,-0.5,-3.3
7513,-0.7,-3.8
7514,-0.7,-4.2
7515,-0.5,-4.1
7516,-0.4,-4.0
7517,-0.2,-3.9
7518,0.7,-3.3
7519,1.7,-2.7
7520,2.6,-2.1
7521,4.4,-0.3
7522,6.1,1.6
7523,7.9,3.4
7524,8.6,4.4
7525,9.4,5.4
7526,10.1,6.4
7527,10.1,6.5
7528,10.1,6.6
7529,10.1,6.7
7530,9.5,6.0
7531,8.9,5.3
7532,8.3,4.6
7533,7.1,2.8
7534,5.8,1.1
7535,4.6,-0.7
7536,3.9,-1.7
7537,3.1,-2.8
7538,2.4,-3.8
7539,2.2,-4.1
7540,1.9,-4.5
7541,1.7,-4.8
7542,0.9,-5.9
7543,0.1,-7.0
7544,-0.7,-8.1
7545,-0.6,-8.0
7546,-0.6,-8.0
7547,-0.5,-7.9
7548,0.0,-7.2
7549,0.5,-6.6
7550,1.0,-5.9
7551,1.2,-5.5
7552,1.3,-5.2
7553,1.5,-4.8
7554,0.8,-5.3
7555,0.0,-5.7
7556,-0.7,-6.2
7557,-0.8,-6.1
7558,-0.8,-6.1
7559,-0.9,-6.0
7560,-0.9,-5.9
7561,-0.8,-5.7
7562,-0.8,-5.6
7563,-0.6,-5.3
7564,-0.4,-5.1
7565,-0.2,-4.8
7566,-0.4,-4.6
7567,-0.5,-4.4
7568,-0.7,-4.2
7569,0.3,-2.9
7570,1.3,-1.7
7571,2.3,-0.4
7572,3.3,1.5
7573,4.3,3.4
7574,5.3,5.3
7575,4.7,4.0
7576,4.1,2.7
7577,3.5,1.4
7578,2.9,0.3
7579,2.4,-0.9
7580,1.8,-2.0
7581,2.0,-1.8
7582,2.1,-1.7
7583,2.3,-1.5
7584,2.2,-1.6
7585,2.1,-1.8
7586,2.0,-1.9
7587,2.3,-1.3
7588,2.5,-0.8
7589,2.8,-0.2
7590,3.9,0.7
7591,5.0,1.6
7592,6.1,2.5
7593,5.5,1.4
7594,5.0,0.4
7595,4.4,-0.7
7596,2.8,-2.3
7597,1.2,-3.9
7598,-0.4,-5.5
7599,-0.4,-5.4
7600,-0.4,-5.4
7601,-0.4,-5.3
7602,-0.6,-5.0
7603,-0.8,-4.6
7604,-1.0,-4.3
7605,-0.9,-4.5
7606,-0.9,-4.8
7607,-0.8,-5.0
7608,-1.3,-5.7
7609,-1.7,-6.5
7610,-2.2,-7.2
7611,-2.5,-7.6
7612,-2.7,-8.0
7613,-3.0,-8.4
7614,-3.3,-8.8
7615,-3.6,-9.1
7616,-3.9,-9.5
7617,-3.9,-9.7
7618,-4.0,-9.8
7619,-4.0,-10.0
7620,-4.0,-9.9
7621,-4.0,-9.9
7622,-4.0,-9.8
7623,-4.1,-9.8
7624,-4.3,-9.8
7625,-4.4,-9.8
7626,-4.5,-9.7
7627,-4.6,-9.6
7628,-4.7,-9.5
7629,-4.6,-9.2
7630,-4.4,-8.9
7631,-4.3,-8.6
7632,-4.6,-9.3
7633,-4.8,-10.1
7634,-5.1,-10.8
7635,-5.6,-11.2
7636,-6.0,-11.6
7637,-6.5,-12.0
7638,-6.8,-12.0
7639,-7.2,-12.1
7640,-7.5,-12.1
7641,-7.1,-11.5
7642,-6.7,-11.0
7643,-6.3,-10.4
7644,-5.7,-9.8
7645,-5.1,-9.3
7646,-4.5,-8.7
7647,-4.2,-8.3
7648,-3.9,-7.8
7649,-3.6,-7.4
7650,-4.2,-8.5
7651,-4.9,-9.6
7652,-5.5,-10.7
7653,-5.5,-10.7
7654,-5.5,-10.7
7655,-5.5,-10.7
7656,-5.5,-10.6
7657,-5.5,-10.4
7658,-5.5,-10.3
7659,-5.2,-10.1
7660,-5.0,-9.9
7661,-4.7,-9.7
7662,-4.7,-9.9
7663,-4.7,-10.1
7664,-4.7,-10.3
7665,-3.4,-8.8
7666,-2.1,-7.4
7667,-0.8,-5.9
7668,0.1,-4.8
7669,1.0,-3.6
7670,1.9,-2.5
7671,2.1,-2.1
7672,2.2,-1.8
7673,2.4,-1.4
7674,1.5,-2.5
7675,0.5,-3.5
7676,-0.4,-4.6
7677,-0.5,-4.6
7678,-0.7,-4.5
7679,-0.8,-4.5
7680,-0.8,-4.2
7681,-0.9,-3.8
7682,-0.9,-3.5
7683,-1.0,-3.2
7684,-1.1,-2.9
7685,-1.2,-2.6
7686,-1.1,-2.5
7687,-1.1,-2.3
7688,-1.0,-2.2
7689,-0.6,-2.6
7690,-0.3,-3.0
7691,0.1,-3.4
7692,0.2,-3.6
7693,0.2,-3.9
7694,0.3,-4.1
7695,0.0,-4.4
7696,-0.3,-4.7
7697,-0.6,-5.0
7698,-0.8,-5.1
7699,-0.9,-5.1
7700,-1.1,-5.2
7701,-1.0,-5.1
7702,-1.0,-5.1
7703,-0.9,-5.0
7704,-1.1,-5.2
7705,-1.3,-5.5
7706,-1.5,-5.7
7707,-1.8,-5.6
7708,-2.1,-5.6
7709,-2.4,-5.5
7710,-2.5,-5.9
7711,-2.7,-6.3
7712,-2.8,-6.7
7713,-2.0,-6.0
7714,-1.1,-5.4
7715,-0.3,-4.7
7716,0.4,-3.8
7717,1.0,-2.8
7718,1.7,-1.9
7719,1.9,-1.3
7720,2.1,-0.8
7721,2.3,-0.2
7722,1.4,-1.1
7723,0.4,-2.0
7724,-0.5,-2.9
7725,-0.5,-3.3
7726,-0.5,-3.8
7727,-0.5,-4.2
8064,-4.9,-11.2
8065,-4.8,-11.1
8066,-4.8,-11.1
8067,-4.8,-11.3
8068,-4.4,-11.1
8069,-6.0,-12.7
8070,-6.0,-12.7
8071,-5.9,-12.5
8072,-5.8,-12.5
8073,-5.6,-12.5
8074,-4.6,-11.5
8075,-3.0,-9.7
8076,-1.9,-8.6
8077,-0.7,-7.3
8078,0.4,-6.1
8079,1.0,-5.4
8080,3.8,-1.8
8081,2.6,-3.3
8082,1.2,-5.5
8083,1.2,-5.5
8084,0.9,-6.1
8085,0.0,-7.5
8086,-0.8,-8.5
8087,-3.4,-13.0
8088,-4.7,-14.8
8089,-5.9,-16.2
8090,-6.8,-17.0
8091,-7.9,-18.2
8092,-9.2,-19.9
8093,-10.4,-21.3
8094,-11.3,-22.4
8095,-12.0,-23.3
8096,-12.6,-24.1
8097,-13.4,-25.4
8098,-14.0,-26.2
8099,-14.3,-26.6
8100,-14.5,-26.9
8101,-14.4,-26.9
8102,-14.1,-26.5
8103,-13.7,-24.9
8104,-13.1,-24.7
8105,-11.2,-21.8
8106,-11.0,-22.9
8107,-10.8,-22.7
8108,-11.1,-23.2
8109,-13.2,-25.6
8110,-14.0,-26.2
8111,-12.0,-23.6
8112,-15.1,-27.2
8113,-15.5,-27.4
8114,-12.7,-22.9
8115,-15.9,-26.6
8116,-15.9,-26.2
8117,-12.2,-18.5
8118,-15.8,-24.6
8119,-15.6,-23.7
8120,-12.2,-18.1
8121,-15.2,-19.1
8122,-14.8,-14.8
8123,-9.9,-17.6
8124,-13.3,-18.8
8125,-12.2,-18.4
8126,-6.4,-13.8
8127,-9.6,-15.9
8128,-8.5,-14.7
8129,-3.7,-10.2
8130,-6.0,-11.3
8131,-5.9,-11.3
8132,-3.7,-10.1
8133,-5.2,-11.0
8134,-4.3,-10.1
8135,-3.0,-9.3
8136,-3.3,-8.8
8137,-2.9,-8.6
8138,-2.4,-8.4
8139,-2.2,-8.2
8140,-1.6,-7.5
8141,-2.5,-8.2
8142,-0.7,-6.0
8143,-0.2,-5.3
8144,-2.6,-8.2
8145,0.3,-4.6
8146,1.3,-3.5
8147,0.2,-4.6
8148,3.3,-1.1
8149,4.2,0.3
8150,4.5,0.9
8151,5.3,1.6
8152,5.4,2.0
8153,4.9,1.2
8154,4.7,0.8
8155,4.5,0.1
8156,4.4,-0.3
8157,4.4,-0.3
8158,4.5,0.0
8159,4.7,0.2
8160,3.7,-0.6
8161,3.1,-1.1
8162,2.8,-1.3
8163,2.6,-1.6
8164,2.5,-1.9
8165,2.1,-2.4
8166,1.8,-2.8
8167,1.6,-3.2
8168,1.4,-3.4
8169,1.2,-3.4
8170,1.5,-2.9
8171,2.0,-2.4
8172,2.3,-2.2
8173,2.8,-1.4
8174,2.9,-1.7
8175,2.6,-1.9
8176,2.5,-1.8
8177,2.2,-1.9
8178,1.8,-2.2
8179,1.7,-2.3
8180,1.4,-2.3
8181,1.4,-1.6
8182,1.3,-0.7
8183,1.2,-0.1
8184,0.6,-2.0
8185,0.1,-3.1
8186,-0.1,-3.8
8187,0.1,-3.9
8188,0.2,-3.9
8189,0.4,-4.0
8190,1.0,-3.6
8191,1.7,-3.2
8192,2.3,-2.8
8193,4.0,-0.9
8194,5.8,1.0
8195,7.5,2.9
8196,8.2,3.8
8197,8.8,4.7
8198,9.5,5.6
8199,9.6,5.8
8200,9.6,5.9
8201,9.7,6.1
8202,9.0,5.3
8203,8.3,4.6
8204,7.6,3.8
8205,6.8,2.6
8206,6.1,1.3
8207,5.3,0.1
8208,4.6,-1.0
8209,3.8,-2.0
8210,3.1,-3.1
8211,2.9,-3.4
8212,2.6,-3.8
8213,2.4,-4.1
8214,1.7,-5.2
8215,0.9,-6.4
8216,0.2,-7.5
8217,0.1,-7.7
8218,-0.1,-7.9
8219,-0.2,-8.1
8220,0.1,-7.6
8221,0.5,-7.1
8222,0.8,-6.6
8223,1.0,-6.2
8224,1.3,-5.7
8225,1.5,-5.3
8226,1.1,-5.4
8227,0.8,-5.5
8228,0.4,-5.6
8229,0.3,-5.6
8230,0.1,-5.5
8231,0.0,-5.5
8232,-0.1,-5.4
8233,-0.2,-5.3
8234,-0.3,-5.2
8235,-0.1,-4.9
8236,0.2,-4.6
8237,0.4,-4.3
8238,0.4,-4.1
8239,0.3,-3.8
8240,0.3,-3.6
8241,0.9,-2.7
8242,1.6,-1.7
8243,2.2,-0.8
8244,2.7,0.6
8245,3.2,2.1
8246,3.7,3.5
8247,3.6,2.7
8248,3.6,1.9
8249,3.5,1.1
8250,3.0,0.1
8251,2.6,-1.0
8252,2.1,-2.0
8253,2.2,-2.0
8254,2.4,-1.9
8255,2.5,-1.9
8256,2.4,-2.2
8257,2.3,-2.4
8258,2.2,-2.7
8259,2.5,-2.1
8260,2.7,-1.4
8261,3.0,-0.8
8262,3.6,-0.1
8263,4.1,0.7
8264,4.7,1.4
8265,4.7,0.8
8266,4.7,0.2
8267,4.7,-0.4
8268,3.0,-2.3
8269,1.2,-4.1
8270,-0.5,-6.0
8271,-0.5,-6.0
8272,-0.5,-5.9
8273,-0.5,-5.9
8274,-0.5,-5.4
8275,-0.5,-5.0
8276,-0.5,-4.5
8277,-0.5,-4.9
8278,-0.5,-5.2
8279,-0.5,-5.6
8280,-0.9,-6.1
8281,-1.3,-6.7
8282,-1.7,-7.2
8283,-2.0,-7.7
8284,-2.3,-8.2
8285,-2.6,-8.7
8286,-2.9,-9.0
8287,-3.1,-9.3
8288,-3.4,-9.6
8289,-3.6,-9.9
8290,-3.8,-10.2
8291,-4.0,-10.5
8292,-4.2,-10.6
8293,-4.3,-10.7
8294,-4.5,-10.8
8295,-4.5,-10.5
8296,-4.5,-10.3
8297,-4.5,-10.0
8298,-4.3,-9.8
8299,-4.1,-9.6
8300,-3.9,-9.4
8301,-3.8,-9.2
8302,-3.6,-9.1
8303,-3.5,-8.9
8304,-3.9,-9.7
8305,-4.4,-10.5
8306,-4.8,-11.3
8307,-5.3,-11.8
8308,-5.9,-12.4
8309,-6.4,-12.9
8310,-6.6,-12.8
8311,-6.8,-12.6
8312,-7.0,-12.5
8313,-6.7,-12.0
8314,-6.5,-11.5
8315,-6.2,-11.0
8316,-5.6,-10.3
8317,-5.0,-9.5
8318,-4.4,-8.8
8319,-3.6,-7.7
8320,-2.9,-6.7
8321,-2.1,-5.6
8322,-3.1,-7.3
8323,-4.1,-8.9
8324,-5.1,-10.6
8325,-5.0,-10.4
8326,-4.9,-10.3
8327,-4.8,-10.1
8328,-4.7,-10.1
8329,-4.7,-10.0
8330,-4.6,-10.0
8331,-4.3,-9.7
8332,-3.9,-9.5
8333,-3.6,-9.2
8334,-3.6,-9.4
8335,-3.6,-9.7
8336,-3.6,-9.9
8337,-2.7,-8.8
8338,-1.8,-7.8
8339,-0.9,-6.7
8340,-0.1,-5.7
8341,0.6,-4.6
8342,1.4,-3.6
8343,1.4,-3.5
8344,1.5,-3.4
8345,1.5,-3.3
8346,0.9,-3.9
8347,0.4,-4.5
8348,-0.2,-5.1
8349,-0.1,-4.9
8350,-0.1,-4.7
8351,0.0,-4.5
8352,-0.1,-4.3
8353,-0.3,-4.0
8354,-0.4,-3.8
8355,-0.5,-3.6
8356,-0.5,-3.5
8357,-0.6,-3.3
8358,-0.6,-3.3
8359,-0.7,-3.2
8360,-0.7,-3.2
8361,-0.4,-3.4
8362,-0.1,-3.7
8363,0.2,-3.9
8364,0.2,-4.2
8365,0.1,-4.6
8366,0.1,-4.9
8367,-0.1,-5.0
8368,-0.3,-5.1
8369,-0.5,-5.2
8370,-0.4,-5.2
8371,-0.4,-5.1
8372,-0.3,-5.1
8373,-0.3,-5.2
8374,-0.4,-5.4
8375,-0.4,-5.5
8376,-0.6,-5.6
8377,-0.7,-5.7
8378,-0.9,-5.8
8379,-0.9,-5.6
8380,-0.9,-5.4
8381,-0.9,-5.2
8382,-1.0,-5.4
8383,-1.0,-5.7
8384,-1.1,-5.9
8385,-0.8,-5.5
8386,-0.4,-5.1
8387,-0.1,-4.7
8388,0.3,-4.0
8389,0.7,-3.4
8390,1.1,-2.7
8391,1.5,-1.6
8392,1.9,-0.4
8393,2.3,0.7
8394,1.7,-0.3
8395,1.1,-1.3
8396,0.5,-2.3
8397,0.4,-2.7
8398,0.4,-3.2
8399,0.3,-3.6
8400,-5.3,-12.3
8401,-5.4,-12.6
8402,-5.5,-12.9
8403,-5.5,-12.9
8404,-5.4,-12.7
8405,-6.9,-13.9
8406,-6.8,-14.0
8407,-6.5,-13.5
8408,-6.8,-14.2
8409,-6.3,-13.9
8410,-5.0,-12.5
8411,-2.2,-9.2
8412,-0.6,-7.4
8413,0.8,-5.7
8414,2.0,-4.3
8415,2.9,-3.1
8416,3.5,-2.3
8417,3.8,-2.3
8418,0.9,-5.9
8419,0.3,-6.6
8420,0.0,-7.5
8421,-0.4,-8.2
8422,-1.2,-9.1
8423,-3.1,-11.7
8424,-4.4,-13.1
8425,-6.1,-15.5
8426,-7.2,-17.1
8427,-7.8,-17.8
8428,-8.3,-18.5
8429,-8.6,-18.9
8430,-8.9,-19.0
8431,-9.1,-18.6
8432,-9.4,-18.8
8433,-10.3,-20.2
8434,-11.3,-21.9
8435,-11.8,-22.5
8436,-11.7,-21.9
8437,-11.4,-21.0
8438,-10.9,-19.9
8439,-10.6,-19.9
8440,-9.5,-19.7
8441,-8.4,-16.1
8442,-9.5,-19.8
8443,-9.6,-19.8
8444,-10.4,-20.5
8445,-9.7,-19.4
8446,-9.7,-19.1
8447,-10.0,-18.7
8448,-10.0,-18.8
8449,-10.2,-18.5
8450,-10.0,-18.0
8451,-10.8,-18.0
8452,-11.3,-17.6
8453,-9.7,-16.7
8454,-11.8,-16.7
8455,-12.1,-17.1
8456,-11.0,-19.8
8457,-12.0,-19.4
8458,-10.7,-18.1
8459,-8.1,-17.3
8460,-8.3,-16.1
8461,-7.2,-15.0
8462,-4.3,-12.5
8463,-4.6,-12.1
8464,-3.7,-10.9
8465,0.7,-5.8
8466,-3.4,-10.7
8467,-4.1,-11.8
8468,-2.8,-10.4
8469,-3.8,-12.2
8470,-2.8,-10.8
8471,-2.0,-9.2
8472,-1.4,-8.7
8473,-1.0,-8.1
8474,-1.3,-8.0
8475,-0.8,-7.6
8476,-0.4,-7.1
8477,-0.9,-7.3
8478,0.1,-6.5
8479,0.6,-5.8
8480,-1.1,-7.5
8481,1.1,-5.2
8482,1.8,-4.6
8483,2.2,-3.3
8484,3.1,-3.0
8485,3.7,-2.2
8486,4.9,0.1
8487,4.4,-1.2
8488,4.0,-1.8
8489,3.5,-2.2
8490,3.4,-2.2
8491,3.4,-2.0
8492,3.2,-2.2
8493,3.2,-2.1
8494,3.1,-2.2
8495,2.5,-2.7
8496,2.1,-3.5
8497,1.3,-4.5
8498,0.9,-4.7
8499,0.7,-5.0
8500,0.6,-4.8
8501,0.4,-4.9
8502,0.1,-5.2
8503,-0.1,-5.1
8504,0.0,-4.9
8505,0.0,-4.9
8506,0.5,-4.3
8507,0.6,-3.6
8508,0.7,-3.5
8509,0.6,-3.5
8510,0.6,-3.0
8511,0.8,-2.2
8512,1.3,-1.5
8513,1.5,-1.9
8514,1.4,-0.6
8515,0.2,-1.0
8516,-1.3,-4.2
8517,-1.0,-4.6
8518,-0.8,-4.8
8519,-0.3,-4.9
8520,0.0,-5.1
8521,0.4,-5.0
8522,0.5,-5.2
8523,1.3,-4.3
8524,2.1,-3.5
8525,2.9,-2.6
8526,3.5,-2.2
8527,4.2,-1.8
8528,4.8,-1.4
8529,5.6,-0.2
8530,6.4,0.9
8531,7.2,2.1
8532,7.6,2.7
8533,8.1,3.3
8534,8.5,3.9
8535,8.7,4.3
8536,8.9,4.7
8537,9.1,5.1
8538,7.7,3.4
8539,6.3,1.6
8540,4.9,-0.1
8541,3.9,-1.5
8542,3.0,-2.8
8543,2.0,-4.2
8544,1.8,-4.6
8545,1.6,-5.0
8546,1.4,-5.4
8547,0.9,-6.0
8548,0.5,-6.6
8549,0.0,-7.2
8550,-0.5,-7.9
8551,-0.9,-8.6
8552,-1.4,-9.3
8553,-1.4,-9.0
8554,-1.3,-8.8
8555,-1.3,-8.5
8556,-1.1,-8.2
8557,-0.9,-7.8
8558,-0.7,-7.5
8559,0.4,-5.7
8560,1.4,-3.9
8561,2.5,-2.1
8562,1.1,-3.8
8563,-0.2,-5.5
8564,-1.6,-7.2
8565,-1.5,-7.0
8566,-1.4,-6.8
8567,-1.3,-6.6
8568,-1.1,-6.1
8569,-1.0,-5.7
8570,-0.8,-5.2
8571,-0.8,-5.0
8572,-0.7,-4.7
8573,-0.7,-4.5
8574,-0.6,-4.2
8575,-0.4,-3.9
8576,-0.3,-3.6
8577,0.6,-2.2
8578,1.6,-0.7
8579,2.5,0.7
8580,3.3,1.6
8581,4.0,2.4
8582,4.8,3.3
8583,4.6,2.6
8584,4.3,2.0
8585,4.1,1.3
8586,3.8,0.5
8587,3.6,-0.2
8588,3.3,-1.0
8589,3.6,-0.5
8590,4.0,0.1
8591,4.3,0.6
8592,5.0,1.2
8593,5.7,1.9
8594,6.4,2.5
8595,6.6,2.6
8596,6.8,2.8
8597,7.0,2.9
8598,6.0,1.3
8599,4.9,-0.2
8600,3.9,-1.8
8601,3.7,-2.1
8602,3.5,-2.5
8603,3.3,-2.8
8604,3.1,-2.8
8605,2.8,-2.8
8606,2.6,-2.8
8607,2.4,-2.6
8608,2.2,-2.5
8609,2.0,-2.3
8610,1.7,-1.8
8611,1.5,-1.4
8612,1.2,-0.9
8613,0.8,-2.1
8614,0.5,-3.4
8615,0.1,-4.6
8616,-0.2,-5.1
8617,-0.5,-5.5
8618,-0.8,-6.0
8619,-0.9,-6.2
8620,-1.1,-6.4
8621,-1.2,-6.6
8622,-1.4,-7.0
8623,-1.7,-7.5
8624,-1.9,-7.9
8625,-1.9,-7.9
8626,-1.9,-8.0
8627,-1.9,-8.0
8628,-2.0,-8.3
8629,-2.0,-8.5
8630,-2.1,-8.8
8631,-2.4,-9.1
8632,-2.6,-9.3
8633,-2.9,-9.6
8634,-3.2,-9.8
8635,-3.6,-10.0
8636,-3.9,-10.2
8637,-4.0,-10.3
8638,-4.2,-10.3
8639,-4.3,-10.4
8640,-4.5,-10.6
8641,-4.7,-10.7
8642,-4.9,-10.9
8643,-5.1,-10.9
8644,-5.2,-10.8
8645,-5.4,-10.8
8646,-5.5,-10.8
8647,-5.7,-10.8
8648,-5.8,-10.8
8649,-5.3,-10.5
8650,-4.7,-10.1
8651,-4.2,-9.8
8652,-2.8,-7.9
8653,-1.5,-6.0
8654,-0.1,-4.1
8655,0.3,-3.9
8656,0.6,-3.8
8657,1.0,-3.6
8658,0.0,-4.9
8659,-1.0,-6.1
8660,-2.0,-7.4
8661,-1.7,-7.1
8662,-1.5,-6.7
8663,-1.2,-6.4
8664,-1.2,-6.7
8665,-1.3,-6.9
8666,-1.3,-7.2
8667,-1.1,-6.9
8668,-1.0,-6.6
8669,-0.8,-6.3
8670,-0.9,-6.3
8671,-1.0,-6.4
8672,-1.1,-6.4
8673,-0.7,-5.9
8674,-0.3,-5.3
8675,0.1,-4.8
8676,0.9,-2.7
8677,1.7,-0.5
8678,2.5,1.6
8679,2.1,0.8
8680,1.6,-0.1
8681,1.2,-0.9
8682,0.9,-1.1
8683,0.7,-1.3
8684,0.4,-1.5
8685,0.3,-1.0
8686,0.2,-0.4
8687,0.1,0.1
8688,-0.1,-1.1
8689,-0.2,-2.2
8690,-0.4,-3.4
8691,-0.5,-3.7
8692,-0.5,-3.9
8693,-0.6,-4.2
8694,-0.7,-4.4
8695,-0.9,-4.7
8696,-1.0,-4.9
8697,-0.8,-4.6
8698,-0.5,-4.2
8699,-0.3,-3.9
8700,-0.2,-4.0
8701,-0.2,-4.2
8702,-0.1,-4.3
8703,0.0,-4.4
8704,0.0,-4.4
8705,0.1,-4.5
8706,-0.3,-4.9
8707,-0.8,-5.4
8708,-1.2,-5.8
8709,-1.4,-5.9
8710,-1.5,-6.1
8711,-1.7,-6.2
8712,-1.9,-6.4
8713,-2.2,-6.7
8714,-2.4,-6.9
8715,-2.4,-6.5
8716,-2.3,-6.1
8717,-2.3,-5.7
8718,-2.5,-5.7
8719,-2.6,-5.6
8720,-2.8,-5.6
8721,-2.0,-5.2
8722,-1.2,-4.7
8723,-0.4,-4.3
8724,0.1,-3.8
8725,0.6,-3.3
8726,1.1,-2.8
8727,1.8,-1.7
8728,2.5,-0.5
8729,3.2,0.6
8730,2.3,-0.9
8731,1.4,-2.5
8732,0.5,-4.0
8733,0.5,-4.4
8734,0.6,-4.9
8735,0.6,-5.3
8736,-8.1,-14.3
8737,-8.1,-14.6
8738,-8.0,-14.6
8739,-7.8,-14.4
8740,-8.0,-14.6
8741,-9.2,-15.5
8742,-9.1,-15.6
8743,-9.4,-15.9
8744,-8.6,-15.4
8745,-8.1,-15.3
8746,-7.2,-14.6
8747,-3.7,-10.5
8748,-1.5,-8.0
8749,0.1,-6.2
8750,1.3,-4.7
8751,2.1,-3.6
8752,2.5,-3.1
8753,2.5,-3.5
8754,0.0,-6.4
8755,-1.3,-7.8
8756,-1.3,-8.1
8757,-1.2,-8.3
8758,-1.7,-8.9
8759,-3.6,-11.7
8760,-5.6,-14.1
8761,-6.4,-14.8
8762,-8.0,-17.2
8763,-9.0,-18.4
8764,-9.7,-19.4
8765,-10.3,-20.2
8766,-10.6,-20.5
8767,-10.8,-20.6
8768,-10.9,-20.4
8769,-10.9,-20.0
8770,-10.9,-19.9
8771,-11.7,-21.2
8772,-12.3,-21.9
8773,-11.8,-21.0
8774,-11.0,-19.7
8775,-11.2,-20.4
8776,-11.1,-20.5
8777,-9.7,-18.0
8778,-11.5,-20.6
8779,-11.7,-20.7
8780,-12.4,-21.6
8781,-12.0,-20.6
8782,-11.8,-20.0
8783,-12.2,-20.2
8784,-12.0,-19.2
8785,-12.0,-18.3
8786,-12.6,-19.1
8787,-12.3,-16.6
8788,-12.8,-12.8
8789,-13.5,-19.5
8790,-12.7,-16.5
8791,-13.4,-18.9
8792,-12.8,-21.1
8793,-13.1,-19.1
8794,-12.3,-18.9
8795,-9.3,-18.3
8796,-9.4,-16.9
8797,-8.1,-15.7
8798,-5.2,-13.4
8799,-5.6,-12.8
8800,-4.8,-11.6
8801,-0.5,-7.1
8802,-4.7,-11.6
8803,-5.4,-12.6
8804,-4.7,-12.2
8805,-5.6,-13.5
8806,-4.7,-12.3
8807,-4.0,-11.0
8808,-3.4,-10.4
8809,-3.3,-10.1
8810,-3.4,-9.9
8811,-2.8,-9.3
8812,-2.5,-8.9
8813,-2.8,-9.0
8814,-1.5,-7.9
8815,-1.1,-7.4
8816,-3.4,-9.9
8817,-0.8,-7.1
8818,0.0,-6.4
8819,1.0,-4.7
8820,2.1,-3.7
8821,2.8,-2.8
8822,4.9,0.1
8823,3.5,-2.0
8824,3.3,-2.1
8825,3.0,-2.3
8826,2.9,-2.2
8827,2.9,-2.0
8828,2.5,-2.5
8829,2.6,-2.4
8830,2.3,-2.4
8831,2.0,-2.6
8832,1.5,-3.3
8833,1.0,-3.6
8834,0.7,-3.8
8835,0.4,-3.9
8836,0.3,-3.6
8837,0.3,-3.7
8838,0.0,-4.4
8839,-0.2,-4.5
8840,-0.6,-4.7
8841,-0.5,-4.5
8842,-0.4,-4.5
8843,0.0,-4.0
8844,0.5,-3.5
8845,0.5,-3.3
8846,0.6,-2.7
8847,0.9,-1.8
8848,1.2,-1.1
8849,1.5,-1.1
8850,0.8,0.0
8851,-0.9,-2.5
8852,-2.2,-5.5
8853,-2.2,-6.1
8854,-2.1,-6.2
8855,-1.7,-6.5
8856,-1.1,-6.4
8857,-0.6,-6.2
8858,-0.4,-6.1
8859,0.4,-5.2
8860,1.1,-4.4
8861,1.9,-3.5
8862,2.6,-2.9
8863,3.2,-2.4
8864,3.9,-1.8
8865,4.9,-0.4
8866,6.0,1.0
8867,7.0,2.4
8868,7.5,3.1
8869,8.0,3.8
8870,8.5,4.5
8871,8.8,4.9
8872,9.0,5.2
8873,9.3,5.6
8874,8.2,4.2
8875,7.0,2.8
8876,5.9,1.4
8877,4.4,-0.6
8878,2.8,-2.5
8879,1.3,-4.5
8880,1.1,-4.9
8881,0.8,-5.2
8882,0.6,-5.6
8883,0.0,-6.4
8884,-0.5,-7.2
8885,-1.1,-8.0
8886,-1.7,-8.7
8887,-2.3,-9.5
8888,-2.9,-10.2
8889,-2.6,-9.6
8890,-2.2,-9.0
8891,-1.9,-8.4
8892,-1.4,-7.8
8893,-0.8,-7.1
8894,-0.3,-6.5
8895,0.4,-5.1
8896,1.2,-3.8
8897,1.9,-2.4
8898,0.2,-4.0
8899,-1.6,-5.6
8900,-3.3,-7.2
8901,-3.1,-6.9
8902,-3.0,-6.5
8903,-2.8,-6.2
8904,-2.4,-5.7
8905,-2.1,-5.1
8906,-1.7,-4.6
8907,-1.7,-4.3
8908,-1.6,-3.9
8909,-1.6,-3.6
8910,-1.5,-3.8
8911,-1.5,-4.0
8912,-1.4,-4.2
8913,0.0,-2.6
8914,1.5,-1.1
8915,2.9,0.5
8916,3.7,1.3
8917,4.4,2.1
8918,5.2,2.9
8919,4.6,1.8
8920,3.9,0.7
8921,3.3,-0.4
8922,3.2,-0.8
8923,3.2,-1.3
8924,3.1,-1.7
8925,3.5,-1.1
8926,4.0,-0.4
8927,4.4,0.2
8928,5.0,0.9
8929,5.5,1.5
8930,6.1,2.2
8931,6.4,2.7
8932,6.8,3.2
8933,7.1,3.7
8934,6.1,2.2
8935,5.2,0.7
8936,4.2,-0.8
8937,4.0,-1.0
8938,3.8,-1.2
8939,3.6,-1.4
8940,3.4,-1.5
8941,3.2,-1.5
8942,3.0,-1.6
8943,2.7,-1.7
8944,2.3,-1.9
8945,2.0,-2.0
8946,1.7,-1.9
8947,1.5,-1.7
8948,1.2,-1.6
8949,1.0,-1.7
8950,0.7,-1.7
8951,0.5,-1.8
8952,0.0,-2.8
8953,-0.5,-3.8
8954,-1.0,-4.8
8955,-1.5,-5.4
8956,-2.0,-5.9
8957,-2.5,-6.5
8958,-2.5,-6.8
8959,-2.6,-7.2
8960,-2.6,-7.5
8961,-2.4,-7.5
8962,-2.2,-7.6
8963,-2.0,-7.6
8964,-2.0,-7.7
8965,-1.9,-7.7
8966,-1.9,-7.8
8967,-2.4,-8.4
8968,-2.8,-9.1
8969,-3.3,-9.7
8970,-3.9,-10.2
8971,-4.6,-10.7
8972,-5.2,-11.2
8973,-5.4,-11.2
8974,-5.7,-11.3
8975,-5.9,-11.3
8976,-6.0,-11.4
8977,-6.2,-11.4
8978,-6.3,-11.5
8979,-6.5,-11.3
8980,-6.6,-11.2
8981,-6.8,-11.0
8982,-7.0,-10.9
8983,-7.1,-10.9
8984,-7.3,-10.8
8985,-6.0,-10.0
8986,-4.8,-9.1
8987,-3.5,-8.3
8988,-2.1,-6.3
8989,-0.8,-4.4
8990,0.6,-2.4
8991,0.6,-2.6
8992,0.6,-2.8
8993,0.6,-3.0
8994,-0.8,-4.4
8995,-2.2,-5.8
8996,-3.6,-7.2
8997,-3.4,-7.5
8998,-3.1,-7.7
8999,-2.9,-8.0
9000,-3.0,-8.4
9001,-3.1,-8.8
9002,-3.2,-9.2
9003,-3.0,-8.9
9004,-2.8,-8.5
9005,-2.6,-8.2
9006,-2.6,-8.2
9007,-2.7,-8.2
9008,-2.7,-8.2
9009,-1.9,-7.3
9010,-1.2,-6.3
9011,-0.4,-5.4
9012,0.7,-3.8
9013,1.7,-2.3
9014,2.8,-0.7
9015,2.4,0.0
9016,2.1,0.6
9017,1.7,1.3
9018,1.1,0.8
9019,0.5,0.4
9020,-0.1,-0.1
9021,-0.1,-0.7
9022,-0.2,-1.4
9023,-0.2,-2.0
9024,-0.4,-2.1
9025,-0.5,-2.1
9026,-0.7,-2.2
9027,-0.9,-3.0
9028,-1.2,-3.7
9029,-1.4,-4.5
9030,-1.6,-4.8
9031,-1.9,-5.0
9032,-2.1,-5.3
9033,-1.6,-5.0
9034,-1.1,-4.7
9035,-0.6,-4.4
9036,-0.6,-4.6
9037,-0.6,-4.7
9038,-0.6,-4.9
9039,-0.5,-4.8
9040,-0.4,-4.8
9041,-0.3,-4.7
9042,-0.7,-4.9
9043,-1.2,-5.0
9044,-1.6,-5.2
9045,-1.9,-5.5
9046,-2.1,-5.9
9047,-2.4,-6.2
9048,-2.6,-6.1
9049,-2.8,-5.9
9050,-3.0,-5.8
9051,-3.0,-5.8
9052,-2.9,-5.7
9053,-2.9,-5.7
9054,-3.6,-6.0
9055,-4.4,-6.2
9056,-5.1,-6.5
9057,-3.9,-5.9
9058,-2.6,-5.4
9059,-1.4,-4.8
9060,-0.5,-3.9
9061,0.5,-3.1
9062,1.4,-2.2
9063,1.9,-1.6
9064,2.5,-1.0
9065,3.0,-0.4
9066,2.0,-1.7
9067,0.9,-3.0
9068,-0.1,-4.3
9069,-0.3,-4.9
9070,-0.4,-5.6
9071,-0.6,-6.2
9744,-6.9,-12.0
9745,-6.6,-11.8
9746,-6.8,-11.8
9747,-6.5,-11.6
9748,-6.1,-11.7
9749,-7.9,-13.5
9750,-7.5,-13.2
9751,-7.0,-12.8
9752,-7.0,-12.7
9753,-6.7,-12.4
9754,-5.3,-10.8
9755,-3.7,-9.0
9756,-1.9,-7.2
9757,-0.7,-6.0
9758,0.0,-5.5
9759,0.9,-4.6
9760,1.2,-4.2
9761,0.9,-4.3
9762,0.4,-5.2
9763,0.0,-5.9
9764,-0.6,-6.5
9765,-0.6,-6.7
9766,-0.5,-6.8
9767,-1.2,-7.9
9768,-3.5,-11.6
9769,-5.6,-14.3
9770,-6.8,-15.8
9771,-8.0,-17.1
9772,-9.8,-19.6
9773,-11.5,-21.7
9774,-12.8,-23.0
9775,-13.5,-23.7
9776,-14.3,-24.8
9777,-14.9,-25.6
9778,-15.0,-25.9
9779,-14.9,-25.8
9780,-14.9,-25.9
9781,-14.9,-26.1
9782,-15.1,-26.5
9783,-15.3,-26.4
9784,-14.7,-25.5
9785,-12.6,-22.7
9786,-14.0,-24.6
9787,-13.6,-24.2
9788,-14.1,-25.1
9789,-15.8,-27.8
9790,-17.4,-29.4
9791,-16.4,-27.7
9792,-19.4,-30.7
9793,-19.6,-30.7
9794,-17.6,-27.7
9795,-19.6,-30.0
9796,-19.6,-29.6
9797,-17.4,-24.3
9798,-19.4,-28.5
9799,-19.4,-27.7
9800,-16.2,-20.2
9801,-19.2,-24.2
9802,-18.3,-22.6
9803,-12.6,-18.9
9804,-15.4,-20.0
9805,-14.3,-18.9
9806,-8.7,-14.9
9807,-12.4,-17.7
9808,-11.3,-16.8
9809,-6.3,-12.3
9810,-9.6,-15.1
9811,-10.2,-16.6
9812,-6.4,-13.3
9813,-8.7,-16.0
9814,-7.8,-15.3
9815,-5.8,-12.9
9816,-6.7,-14.5
9817,-6.0,-13.7
9818,-5.7,-12.4
9819,-5.7,-13.6
9820,-5.5,-13.3
9821,-5.8,-12.5
9822,-4.5,-11.7
9823,-3.9,-10.6
9824,-5.6,-11.6
9825,-2.5,-8.4
9826,-0.9,-6.4
9827,-1.0,-5.7
9828,1.5,-3.7
9829,2.4,-2.6
9830,2.4,-1.1
9831,3.7,-1.0
9832,3.8,-1.0
9833,3.7,-1.3
9834,3.6,-1.3
9835,3.6,-1.3
9836,2.7,-2.4
9837,2.7,-2.2
9838,2.6,-2.1
9839,2.6,-1.7
9840,2.3,-1.8
9841,2.4,-1.4
9842,2.8,-1.0
9843,2.9,-0.5
9844,2.4,-0.4
9845,2.2,-0.6
9846,2.0,-1.8
9847,1.7,-2.3
9848,1.3,-2.8
9849,0.9,-2.8
9850,0.9,-2.7
9851,1.2,-2.5
9852,1.6,-2.3
9853,1.8,-1.9
9854,2.5,-1.2
9855,2.6,-1.2
9856,2.6,-1.0
9857,2.3,-1.0
9858,1.0,-1.8
9859,-0.1,-2.3
9860,-0.8,-2.8
9861,-1.0,-3.2
9862,-1.2,-3.0
9863,-1.1,-2.9
9864,-1.1,-3.3
9865,-1.1,-4.0
9866,-1.4,-4.6
9867,-1.4,-4.7
9868,-1.5,-4.9
9869,-1.5,-5.0
9870,-0.8,-4.7
9871,-0.1,-4.4
9872,0.6,-4.1
9873,1.7,-3.3
9874,2.9,-2.4
9875,4.0,-1.6
9876,4.7,-0.8
9877,5.3,0.0
9878,6.0,0.8
9879,6.4,1.4
9880,6.7,2.1
9881,7.1,2.7
9882,7.0,2.7
9883,6.9,2.7
9884,6.8,2.7
9885,7.0,3.0
9886,7.3,3.3
9887,7.5,3.6
9888,6.1,1.8
9889,4.7,-0.1
9890,3.3,-1.9
9891,3.0,-2.3
9892,2.6,-2.7
9893,2.3,-3.1
9894,1.6,-4.1
9895,0.9,-5.2
9896,0.2,-6.2
9897,0.0,-6.6
9898,-0.3,-7.0
9899,-0.5,-7.4
9900,-0.3,-7.2
9901,-0.1,-6.9
9902,0.1,-6.7
9903,0.2,-6.5
9904,0.4,-6.2
9905,0.5,-6.0
9906,0.1,-6.1
9907,-0.2,-6.3
9908,-0.6,-6.4
9909,-0.7,-6.2
9910,-0.8,-5.9
9911,-0.9,-5.7
9912,-1.2,-5.9
9913,-1.4,-6.2
9914,-1.7,-6.4
9915,-1.7,-6.3
9916,-1.7,-6.1
9917,-1.7,-6.0
9918,-1.7,-5.5
9919,-1.7,-5.1
9920,-1.7,-4.6
9921,-0.6,-3.7
9922,0.4,-2.7
9923,1.5,-1.8
9924,2.4,-0.4
9925,3.4,1.1
9926,4.3,2.5
9927,4.5,3.3
9928,4.6,4.0
9929,4.8,4.8
9930,3.5,2.8
9931,2.1,0.7
9932,0.8,-1.3
9933,0.9,-1.3
9934,0.9,-1.4
9935,1.0,-1.4
9936,1.3,-1.4
9937,1.6,-1.5
9938,1.9,-1.5
9939,2.0,-1.4
9940,2.1,-1.2
9941,2.2,-1.1
9942,2.4,-0.7
9943,2.7,-0.4
9944,2.9,0.0
9945,3.8,0.7
9946,4.8,1.5
9947,5.7,2.2
9948,5.2,1.4
9949,4.8,0.7
9950,4.3,-0.1
9951,2.7,-2.1
9952,1.0,-4.2
9953,-0.6,-6.2
9954,-1.2,-6.7
9955,-1.7,-7.3
9956,-2.3,-7.8
9957,-2.4,-7.6
9958,-2.5,-7.3
9959,-2.6,-7.1
9960,-2.6,-7.1
9961,-2.7,-7.0
9962,-2.7,-7.0
9963,-2.9,-7.2
9964,-3.2,-7.5
9965,-3.4,-7.7
9966,-3.6,-8.1
9967,-3.9,-8.4
9968,-4.1,-8.8
9969,-4.0,-8.7
9970,-3.8,-8.6
9971,-3.7,-8.5
9972,-3.3,-8.1
9973,-2.8,-7.7
9974,-2.4,-7.3
9975,-2.6,-7.7
9976,-2.8,-8.2
9977,-3.0,-8.6
9978,-3.8,-9.5
9979,-4.5,-10.5
9980,-5.3,-11.4
9981,-5.6,-11.7
9982,-6.0,-11.9
9983,-6.3,-12.2
9984,-6.5,-12.4
9985,-6.6,-12.6
9986,-6.8,-12.8
9987,-6.9,-12.9
9988,-7.1,-13.0
9989,-7.2,-13.1
9990,-7.5,-13.2
9991,-7.9,-13.4
9992,-8.2,-13.5
9993,-7.8,-13.0
9994,-7.3,-12.4
9995,-6.9,-11.9
9996,-5.7,-10.4
9997,-4.4,-8.8
9998,-3.2,-7.3
9999,-2.4,-5.8
10000,-1.6,-4.2
10001,-0.8,-2.7
10002,-2.1,-4.1
10003,-3.3,-5.6
10004,-4.6,-7.0
10005,-4.6,-7.2
10006,-4.7,-7.3
10007,-4.7,-7.5
10008,-4.9,-7.8
10009,-5.0,-8.1
10010,-5.2,-8.4
10011,-5.0,-8.5
10012,-4.9,-8.5
10013,-4.7,-8.6
10014,-4.8,-9.0
10015,-4.8,-9.5
10016,-4.9,-9.9
10017,-3.7,-8.7
10018,-2.5,-7.4
10019,-1.3,-6.2
10020,-1.0,-5.8
10021,-0.8,-5.4
10022,-0.5,-5.0
10023,-0.6,-5.0
10024,-0.8,-5.0
10025,-0.9,-5.0
10026,-1.1,-5.4
10027,-1.2,-5.7
10028,-1.4,-6.1
10029,-1.5,-5.7
10030,-1.5,-5.2
10031,-1.6,-4.8
10032,-1.8,-4.5
10033,-2.1,-4.3
10034,-2.3,-4.0
10035,-2.2,-4.0
10036,-2.2,-4.0
10037,-2.1,-4.0
10038,-2.1,-4.0
10039,-2.0,-3.9
10040,-2.0,-3.9
10041,-1.5,-3.5
10042,-1.1,-3.0
10043,-0.6,-2.6
10044,-0.1,-2.2
10045,0.3,-1.7
10046,0.8,-1.3
10047,0.7,-2.1
10048,0.6,-3.0
10049,0.5,-3.8
10050,-0.1,-4.6
10051,-0.8,-5.4
10052,-1.4,-6.2
10053,-1.6,-6.6
10054,-1.7,-7.0
10055,-1.9,-7.4
10056,-2.0,-7.1
10057,-2.2,-6.7
10058,-2.3,-6.4
10059,-2.4,-6.8
10060,-2.6,-7.1
10061,-2.7,-7.5
10062,-2.6,-7.4
10063,-2.6,-7.2
10064,-2.5,-7.1
10065,-1.9,-6.5
10066,-1.4,-6.0
10067,-0.8,-5.4
10068,-0.2,-4.6
10069,0.3,-3.7
10070,0.9,-2.9
10071,1.0,-2.5
10072,1.2,-2.1
10073,1.3,-1.7
10074,0.3,-2.5
10075,-0.8,-3.2
10076,-1.8,-4.0
10077,-1.8,-4.4
10078,-1.7,-4.8
10079,-1.7,-5.2
11088,-6.5,-11.6
11089,-6.5,-11.7
11090,-6.7,-11.9
11091,-6.6,-12.0
11092,-6.1,-11.9
11093,-7.5,-13.2
11094,-7.2,-13.1
11095,-6.9,-12.8
11096,-6.8,-12.7
11097,-6.5,-12.4
11098,-5.3,-11.0
11099,-3.3,-8.7
11100,-2.0,-7.5
11101,-0.9,-6.4
11102,-0.1,-5.7
11103,0.6,-5.1
11104,0.9,-4.7
11105,0.9,-4.4
11106,0.1,-5.6
11107,-0.2,-6.2
11108,-0.7,-6.7
11109,-0.7,-6.8
11110,-0.5,-6.8
11111,-1.4,-8.2
11112,-3.9,-12.2
11113,-5.7,-14.5
11114,-6.9,-16.0
11115,-8.1,-17.4
11116,-9.9,-19.8
11117,-11.6,-21.9
11118,-12.8,-23.1
11119,-13.5,-23.8
11120,-14.3,-24.9
11121,-14.8,-25.6
11122,-15.0,-25.9
11123,-14.9,-25.9
11124,-15.0,-26.1
11125,-14.9,-26.2
11126,-15.1,-26.6
11127,-15.3,-26.4
11128,-14.8,-25.6
11129,-12.7,-22.9
11130,-14.1,-24.7
11131,-13.7,-24.4
11132,-14.0,-25.1
11133,-15.9,-28.0
11134,-17.5,-29.6
11135,-16.2,-27.6
11136,-19.4,-30.8
11137,-19.6,-30.7
11138,-17.4,-27.4
11139,-19.7,-30.1
11140,-19.7,-29.8
11141,-17.3,-24.0
11142,-19.4,-28.5
11143,-19.3,-27.5
11144,-16.0,-19.5
11145,-19.0,-23.9
11146,-18.1,-22.4
11147,-12.3,-18.9
11148,-15.5,-20.5
11149,-14.4,-19.6
11150,-8.4,-14.8
11151,-12.1,-17.8
11152,-11.0,-16.7
11153,-6.3,-12.5
11154,-9.2,-14.8
11155,-9.4,-15.8
11156,-6.4,-13.4
11157,-8.4,-15.8
11158,-7.7,-15.4
11159,-5.7,-12.9
11160,-6.4,-14.2
11161,-5.8,-13.6
11162,-5.3,-12.0
11163,-5.3,-13.1
11164,-5.1,-12.8
11165,-5.8,-12.5
11166,-4.4,-11.6
11167,-4.0,-10.8
11168,-4.9,-10.9
11169,-2.6,-8.6
11170,-1.1,-6.8
11171,-0.8,-5.6
11172,1.1,-4.3
11173,2.0,-3.2
11174,2.6,-1.0
11175,3.3,-1.6
11176,3.6,-1.3
11177,3.3,-1.8
11178,2.9,-2.2
11179,2.9,-2.2
11180,2.4,-2.6
11181,2.6,-2.2
11182,2.3,-2.3
11183,2.2,-2.0
11184,2.0,-1.8
11185,2.2,-1.3
11186,2.6,-1.1
11187,2.7,-0.7
11188,2.2,-0.7
11189,2.1,-1.0
11190,1.8,-2.1
11191,1.6,-2.4
11192,1.1,-3.0
11193,0.7,-3.1
11194,0.8,-2.8
11195,1.3,-2.4
11196,1.7,-2.2
11197,2.0,-1.6
11198,2.8,-0.9
11199,2.8,-1.0
11200,2.9,-0.7
11201,2.5,-0.8
11202,0.4,-2.5
11203,-0.7,-3.0
11204,-1.1,-3.3
11205,-1.4,-3.7
11206,-1.5,-3.3
11207,-1.3,-2.9
11208,-1.3,-3.6
11209,-1.3,-4.1
11210,-1.5,-4.6
11211,-1.4,-4.6
11212,-1.2,-4.7
11213,-1.1,-4.7
11214,-0.5,-4.5
11215,0.2,-4.4
11216,0.8,-4.2
11217,1.9,-3.4
11218,2.9,-2.5
11219,4.0,-1.7
11220,4.6,-0.9
11221,5.3,-0.1
11222,5.9,0.7
11223,6.4,1.5
11224,6.8,2.3
11225,7.3,3.1
11226,7.2,3.1
11227,7.0,3.0
11228,6.9,3.0
11229,7.0,3.1
11230,7.2,3.2
11231,7.3,3.3
11232,5.9,1.5
11233,4.6,-0.3
11234,3.2,-2.1
11235,2.8,-2.5
11236,2.5,-3.0
11237,2.1,-3.4
11238,1.4,-4.4
11239,0.8,-5.4
11240,0.1,-6.4
11241,-0.2,-6.8
11242,-0.4,-7.3
11243,-0.7,-7.7
11244,-0.5,-7.4
11245,-0.2,-7.1
11246,0.0,-6.8
11247,0.1,-6.6
11248,0.2,-6.3
11249,0.3,-6.1
11250,0.0,-6.2
11251,-0.4,-6.4
11252,-0.7,-6.5
11253,-0.9,-6.4
11254,-1.0,-6.2
11255,-1.2,-6.1
11256,-1.4,-6.2
11257,-1.6,-6.4
11258,-1.8,-6.5
11259,-1.8,-6.3
11260,-1.8,-6.2
11261,-1.8,-6.0
11262,-1.8,-5.6
11263,-1.8,-5.1
11264,-1.8,-4.7
11265,-0.6,-3.6
11266,0.6,-2.5
11267,1.8,-1.4
11268,2.5,-0.1
11269,3.3,1.1
11270,4.0,2.4
11271,4.0,3.0
11272,4.1,3.5
11273,4.1,4.1
11274,3.0,2.3
11275,1.9,0.5
11276,0.8,-1.3
11277,0.8,-1.5
11278,0.7,-1.7
11279,0.7,-1.9
11280,1.0,-1.8
11281,1.4,-1.8
11282,1.7,-1.7
11283,1.9,-1.4
11284,2.2,-1.2
11285,2.4,-0.9
11286,2.5,-0.7
11287,2.6,-0.4
11288,2.7,-0.2
11289,3.7,0.5
11290,4.6,1.2
11291,5.6,1.9
11292,5.1,1.1
11293,4.5,0.2
11294,4.0,-0.6
11295,2.3,-2.6
11296,0.7,-4.7
11297,-1.0,-6.7
11298,-1.5,-7.1
11299,-1.9,-7.5
11300,-2.4,-7.9
11301,-2.4,-7.5
11302,-2.4,-7.2
11303,-2.4,-6.8
11304,-2.5,-6.9
11305,-2.6,-6.9
11306,-2.7,-7.0
11307,-3.0,-7.3
11308,-3.2,-7.6
11309,-3.5,-7.9
11310,-3.7,-8.3
11311,-4.0,-8.7
11312,-4.2,-9.1
11313,-4.1,-9.0
11314,-3.9,-8.9
11315,-3.8,-8.8
11316,-3.4,-8.4
11317,-2.9,-8.0
11318,-2.5,-7.6
11319,-2.9,-8.2
11320,-3.2,-8.8
11321,-3.6,-9.4
11322,-4.3,-10.2
11323,-4.9,-11.0
11324,-5.6,-11.8
11325,-5.8,-11.9
11326,-5.9,-11.9
11327,-6.1,-12.0
11328,-6.3,-12.2
11329,-6.5,-12.4
11330,-6.7,-12.6
11331,-6.9,-12.8
11332,-7.0,-12.9
11333,-7.2,-13.1
11334,-7.5,-13.1
11335,-7.8,-13.2
11336,-8.1,-13.2
11337,-7.6,-12.7
11338,-7.1,-12.1
11339,-6.6,-11.6
11340,-4.9,-9.5
11341,-3.2,-7.3
11342,-1.5,-5.2
11343,-1.8,-5.0
11344,-2.0,-4.8
11345,-2.3,-4.6
11346,-3.1,-5.5
11347,-3.9,-6.4
11348,-4.7,-7.3
11349,-4.8,-7.5
11350,-4.9,-7.8
11351,-5.0,-8.0
11352,-5.1,-8.2
11353,-5.3,-8.4
11354,-5.4,-8.6
11355,-5.2,-8.6
11356,-5.0,-8.6
11357,-4.8,-8.6
11358,-4.7,-8.9
11359,-4.7,-9.1
11360,-4.6,-9.4
11361,-3.6,-8.4
11362,-2.5,-7.4
11363,-1.5,-6.4
11364,-1.1,-5.8
11365,-0.6,-5.1
11366,-0.2,-4.5
11367,-0.3,-4.5
11368,-0.5,-4.4
11369,-0.6,-4.4
11370,-0.8,-4.9
11371,-1.1,-5.3
11372,-1.3,-5.8
11373,-1.4,-5.5
11374,-1.6,-5.1
11375,-1.7,-4.8
11376,-1.8,-4.5
11377,-2.0,-4.1
11378,-2.1,-3.8
11379,-2.1,-3.8
11380,-2.0,-3.9
11381,-2.0,-3.9
11382,-2.1,-4.0
11383,-2.1,-4.0
11384,-2.2,-4.1
11385,-1.7,-3.8
11386,-1.3,-3.4
11387,-0.8,-3.1
11388,-0.3,-2.6
11389,0.1,-2.1
11390,0.6,-1.6
11391,0.6,-2.3
11392,0.5,-3.1
11393,0.5,-3.8
11394,-0.2,-4.7
11395,-0.9,-5.7
11396,-1.6,-6.6
11397,-1.8,-7.0
11398,-2.0,-7.3
11399,-2.2,-7.7
11400,-2.3,-7.2
11401,-2.3,-6.8
11402,-2.4,-6.3
11403,-2.5,-6.6
11404,-2.5,-7.0
11405,-2.6,-7.3
11406,-2.5,-7.2
11407,-2.5,-7.2
11408,-2.4,-7.1
11409,-1.8,-6.5
11410,-1.2,-5.8
11411,-0.6,-5.2
11412,0.0,-4.3
11413,0.5,-3.5
11414,1.1,-2.6
11415,1.2,-2.2
11416,1.3,-1.9
11417,1.4,-1.5
11418,0.3,-2.5
11419,-0.9,-3.4
11420,-2.0,-4.4
11421,-1.9,-4.6
11422,-1.7,-4.7
11423,-1.6,-4.9
