,Visib_miles,Cloud,Feels_like_c,snow_or_not
0,0.0,0.6363636363636365,34,no_snow
1,0.0,0.2727272727272727,3,no_snow
2,0.17,0.9350649350649352,90,no_snow
3,0.0,0.7532467532467533,75,no_snow
4,1.79,0.5064935064935066,90,no_snow
5,0.68,0.5844155844155845,100,no_snow
6,0.09,0.7922077922077921,100,no_snow
7,0.09,0.7662337662337662,63,no_snow
8,1.11,0.5194805194805194,32,no_snow
9,4.25,0.9350649350649352,100,no_snow
10,0.68,0.4545454545454545,28,no_snow
11,1.02,0.8441558441558441,100,no_snow
12,0.0,0.5584415584415585,78,no_snow
13,1.11,0.8441558441558441,45,no_snow
14,0.77,0.974025974025974,100,no_snow
15,0.0,0.3116883116883117,0,no_snow
16,0.0,0.7272727272727273,100,no_snow
17,0.0,0.6753246753246753,9,no_snow
18,0.09,0.9090909090909092,100,no_snow
19,0.34,0.5974025974025974,99,no_snow
20,0.0,0.6103896103896105,0,no_snow
21,0.0,0.7272727272727273,0,no_snow
22,0.0,0.7532467532467533,100,no_snow
23,1.36,0.9350649350649352,100,no_snow
24,0.0,0.4285714285714285,19,no_snow
25,0.51,0.6883116883116884,15,no_snow
26,0.94,0.4285714285714285,79,no_snow
27,4.0,0.6493506493506493,9,no_snow
28,0.09,0.7012987012987013,54,no_snow
29,0.0,0.3896103896103896,2,no_snow
30,4.0,0.6493506493506493,13,no_snow
31,0.68,0.2207792207792208,12,no_snow
32,0.0,0.6103896103896105,42,no_snow
33,0.0,0.4545454545454545,17,no_snow
34,0.0,0.8571428571428572,85,no_snow
35,0.26,0.8311688311688312,20,no_snow
36,0.0,0.7012987012987013,6,no_snow
37,0.0,0.7142857142857142,68,no_snow
38,0.09,0.6623376623376624,100,no_snow
39,0.43,0.6493506493506493,68,no_snow
40,0.0,0.8571428571428572,60,no_snow
41,0.0,0.7532467532467533,69,no_snow
42,0.0,0.4285714285714285,100,no_snow
43,0.0,0.2467532467532467,0,no_snow
44,4.25,0.8961038961038961,12,no_snow
45,0.43,0.8311688311688312,100,no_snow
46,0.68,0.2337662337662338,20,no_snow
47,0.0,0.3246753246753247,0,no_snow
48,0.0,0.3896103896103896,1,no_snow
49,2.04,0.9350649350649352,100,no_snow
50,0.0,0.4935064935064935,6,no_snow
51,0.0,0.5844155844155845,39,no_snow
52,0.0,0.7792207792207793,32,no_snow
53,0.77,0.4545454545454545,7,no_snow
54,1.11,0.8701298701298701,55,no_snow
55,0.0,0.9090909090909092,69,no_snow
56,0.0,0.8311688311688312,42,no_snow
57,0.0,0.6493506493506493,7,no_snow
58,0.0,0.3116883116883117,8,no_snow
59,0.0,0.4935064935064935,0,no_snow
60,0.0,0.948051948051948,100,no_snow
61,0.09,0.9350649350649352,57,no_snow
62,0.09,0.8051948051948052,100,no_snow
63,0.0,0.6883116883116884,100,no_snow
64,0.0,0.6753246753246753,17,no_snow
65,0.77,0.3376623376623376,10,no_snow
66,2.21,0.7662337662337662,15,no_snow
67,0.0,0.6233766233766234,9,no_snow
68,0.0,0.5194805194805194,1,no_snow
69,0.0,0.1428571428571428,0,no_snow
70,3.91,0.8961038961038961,31,no_snow
71,2.04,0.5064935064935066,42,no_snow
72,0.26,0.948051948051948,65,no_snow
73,0.09,0.6103896103896105,65,no_snow
74,1.11,0.974025974025974,100,no_snow
75,0.09,0.5844155844155845,100,no_snow
76,0.0,0.5584415584415585,6,no_snow
77,0.0,0.5194805194805194,5,no_snow
78,0.09,0.922077922077922,74,no_snow
79,1.36,0.7532467532467533,95,no_snow
80,0.0,0.8701298701298701,100,no_snow
81,2.04,0.5194805194805194,46,no_snow
82,0.0,0.7272727272727273,69,no_snow
83,1.11,0.9090909090909092,92,no_snow
84,0.0,0.1688311688311688,0,no_snow
85,0.0,0.7922077922077921,92,no_snow
86,1.79,0.6103896103896105,90,no_snow
87,0.0,0.1428571428571428,0,no_snow
88,1.36,0.7142857142857142,96,no_snow
89,0.43,0.5064935064935066,96,no_snow
90,0.0,0.4285714285714285,51,no_snow
91,0.09,0.8831168831168832,76,no_snow
92,0.0,0.1168831168831168,0,no_snow
93,0.0,0.3246753246753247,0,no_snow
94,0.0,0.6363636363636365,4,no_snow
95,3.91,0.6623376623376624,81,no_snow
96,0.77,0.9610389610389608,100,no_snow
97,0.0,0.5584415584415585,5,no_snow
98,0.0,0.5844155844155845,97,no_snow
99,0.0,0.2207792207792208,0,no_snow
100,0.0,0.1688311688311688,11,no_snow
101,0.0,0.4155844155844155,57,no_snow
102,0.43,0.8441558441558441,100,no_snow
103,0.68,0.1298701298701298,0,no_snow
104,1.28,0.6493506493506493,83,no_snow
105,0.0,0.3506493506493506,57,no_snow
106,0.0,0.6363636363636365,3,no_snow
107,0.0,0.1298701298701298,1,no_snow
108,0.0,0.4675324675324675,3,no_snow
109,1.36,0.9610389610389608,100,no_snow
110,0.77,0.5584415584415585,12,no_snow
111,0.0,0.5584415584415585,69,no_snow
112,3.06,0.5844155844155845,100,no_snow
113,0.0,0.7012987012987013,59,no_snow
114,0.0,0.6623376623376624,100,no_snow
115,0.85,0.4935064935064935,69,no_snow
116,0.09,0.8701298701298701,88,no_snow
117,0.0,0.3246753246753247,2,no_snow
118,0.0,0.4935064935064935,72,no_snow
119,0.0,0.8571428571428572,94,no_snow
120,4.59,0.7792207792207793,18,no_snow
121,7.57,0.6883116883116884,83,no_snow
122,0.0,0.5844155844155845,100,no_snow
123,0.0,0.6623376623376624,11,no_snow
124,0.0,0.1818181818181818,0,no_snow
125,0.68,0.1558441558441558,6,no_snow
126,0.0,0.3896103896103896,1,no_snow
127,0.0,0.5064935064935066,100,no_snow
128,0.0,0.4025974025974025,100,no_snow
129,3.06,0.5974025974025974,51,no_snow
130,0.0,0.6883116883116884,100,no_snow
131,1.36,0.922077922077922,100,no_snow
132,0.0,0.4155844155844155,40,no_snow
133,0.0,0.3766233766233766,1,no_snow
134,0.0,0.3636363636363636,1,no_snow
135,2.3,0.974025974025974,92,no_snow
136,0.94,0.6493506493506493,100,no_snow
137,0.09,0.6363636363636365,97,no_snow
138,0.51,0.6493506493506493,39,no_snow
139,0.77,0.7272727272727273,75,no_snow
140,0.0,0.6753246753246753,53,no_snow
141,0.17,0.5324675324675325,82,no_snow
142,3.91,0.8701298701298701,16,no_snow
143,0.0,0.6883116883116884,39,no_snow
144,0.17,0.5454545454545454,68,no_snow
145,1.79,0.8831168831168832,49,no_snow
146,0.0,0.4675324675324675,4,no_snow
147,7.57,0.8701298701298701,74,no_snow
148,0.0,0.1948051948051948,0,no_snow
149,0.0,0.5194805194805194,6,no_snow
150,0.0,0.4935064935064935,84,no_snow
151,7.57,0.8831168831168832,100,no_snow
152,0.0,0.1948051948051948,0,no_snow
153,0.0,0.2987012987012987,0,no_snow
154,1.11,0.8701298701298701,8,no_snow
155,0.0,0.0389610389610389,0,no_snow
156,2.3,0.922077922077922,100,no_snow
157,0.51,0.5584415584415585,7,no_snow
158,0.0,0.948051948051948,85,no_snow
159,0.0,0.5974025974025974,96,no_snow
160,1.7,0.4935064935064935,5,no_snow
161,1.28,0.5714285714285714,49,no_snow
162,0.0,0.6883116883116884,100,no_snow
163,0.0,0.6753246753246753,5,no_snow
164,4.25,0.974025974025974,100,no_snow
165,0.0,0.3766233766233766,21,no_snow
166,0.0,0.5064935064935066,51,no_snow
167,0.0,0.5974025974025974,100,no_snow
168,0.77,0.8831168831168832,100,no_snow
169,0.0,0.5584415584415585,7,no_snow
170,0.0,0.6493506493506493,100,no_snow
171,0.0,0.6623376623376624,100,no_snow
172,0.17,0.5064935064935066,81,no_snow
173,0.0,0.6883116883116884,51,no_snow
174,0.0,0.3636363636363636,7,no_snow
175,0.0,0.6883116883116884,7,no_snow
176,1.11,0.6233766233766234,62,no_snow
177,0.0,0.4935064935064935,52,no_snow
178,0.09,0.6233766233766234,1,no_snow
179,0.0,0.6623376623376624,0,no_snow
180,0.0,0.5064935064935066,29,no_snow
181,2.21,0.9870129870129868,100,no_snow
182,0.0,0.2207792207792208,0,no_snow
183,0.0,0.6233766233766234,5,no_snow
184,1.87,0.5584415584415585,78,no_snow
185,0.17,0.922077922077922,82,no_snow
186,0.0,0.6103896103896105,34,no_snow
187,0.0,0.8181818181818181,47,no_snow
188,3.23,0.7792207792207793,99,no_snow
189,0.0,0.8181818181818181,40,no_snow
190,0.0,0.2857142857142857,26,no_snow
191,4.0,0.6233766233766234,14,no_snow
192,0.0,0.3636363636363636,3,no_snow
193,0.0,0.8701298701298701,24,no_snow
194,0.17,0.5844155844155845,84,no_snow
195,4.59,0.922077922077922,100,no_snow
196,0.68,0.7532467532467533,70,no_snow
197,3.91,0.922077922077922,100,no_snow
198,0.0,0.3506493506493506,100,no_snow
199,0.0,0.6753246753246753,37,no_snow
200,0.0,0.8961038961038961,90,no_snow
201,1.7,0.4415584415584415,5,no_snow
202,0.0,0.7012987012987013,96,no_snow
203,1.96,0.9350649350649352,100,no_snow
204,1.36,0.7402597402597402,83,no_snow
205,0.09,0.1818181818181818,0,no_snow
206,0.0,0.7142857142857142,100,no_snow
207,0.0,0.7532467532467533,100,no_snow
208,0.0,0.974025974025974,100,no_snow
209,1.79,0.7012987012987013,100,no_snow
210,0.26,0.9090909090909092,100,no_snow
211,0.0,0.6493506493506493,92,no_snow
212,0.0,0.9350649350649352,100,no_snow
213,1.11,0.6103896103896105,76,no_snow
214,0.0,0.2727272727272727,0,no_snow
215,0.0,0.8441558441558441,70,no_snow
216,0.6,0.2597402597402597,9,no_snow
217,0.0,0.1038961038961038,21,no_snow
218,0.0,0.3506493506493506,0,no_snow
219,0.0,0.5844155844155845,6,no_snow
220,0.0,0.1428571428571428,15,no_snow
221,0.77,0.922077922077922,91,no_snow
222,0.0,0.4415584415584415,4,no_snow
223,0.0,0.6363636363636365,8,no_snow
224,0.0,0.8441558441558441,100,no_snow
225,0.77,0.5324675324675325,25,no_snow
226,1.79,0.6883116883116884,99,no_snow
227,0.0,0.4415584415584415,0,no_snow
228,0.09,0.8701298701298701,51,no_snow
229,0.0,0.5844155844155845,32,no_snow
230,0.09,0.7532467532467533,100,no_snow
231,0.0,0.9610389610389608,87,no_snow
232,1.11,0.8311688311688312,87,no_snow
233,2.21,0.5064935064935066,45,no_snow
234,0.0,0.2857142857142857,9,no_snow
235,0.0,0.9610389610389608,100,no_snow
236,0.0,0.5064935064935066,4,no_snow
237,0.0,0.3636363636363636,34,no_snow
238,0.09,0.9350649350649352,75,no_snow
239,0.0,0.5194805194805194,8,no_snow
240,0.0,0.7012987012987013,64,no_snow
241,0.0,0.6233766233766234,100,no_snow
242,0.0,0.5844155844155845,75,no_snow
243,0.0,0.4285714285714285,99,no_snow
244,0.0,0.5324675324675325,86,no_snow
245,0.0,0.6883116883116884,100,no_snow
246,1.7,0.9610389610389608,71,no_snow
247,0.0,0.5194805194805194,65,no_snow
248,0.0,0.2337662337662338,0,no_snow
249,0.0,0.5454545454545454,43,no_snow
250,0.0,0.4155844155844155,3,no_snow
251,0.0,0.8181818181818181,27,no_snow
252,1.79,0.7662337662337662,100,no_snow
253,0.0,0.2857142857142857,67,no_snow
254,0.0,0.9350649350649352,51,no_snow
255,0.43,0.7792207792207793,48,no_snow
256,0.09,0.9090909090909092,91,no_snow
257,0.0,0.5454545454545454,80,no_snow
258,0.0,0.6233766233766234,27,no_snow
259,0.0,0.6883116883116884,12,no_snow
260,0.51,0.5194805194805194,8,no_snow
261,0.6,0.5844155844155845,7,no_snow
262,2.04,0.8831168831168832,98,no_snow
263,0.0,0.2207792207792208,1,no_snow
264,1.62,0.9350649350649352,57,no_snow
265,3.91,0.922077922077922,100,no_snow
266,0.0,0.5324675324675325,100,no_snow
267,1.53,0.974025974025974,100,no_snow
268,0.0,0.2857142857142857,2,no_snow
269,0.0,0.5064935064935066,99,no_snow
270,0.0,0.6103896103896105,5,no_snow
271,0.0,0.9090909090909092,92,no_snow
272,0.0,0.9350649350649352,24,no_snow
273,0.0,0.8571428571428572,57,no_snow
274,0.0,0.6103896103896105,100,no_snow
275,0.0,0.8441558441558441,39,no_snow
276,0.0,0.4025974025974025,3,no_snow
277,0.0,0.6233766233766234,5,no_snow
278,0.0,0.3246753246753247,97,no_snow
279,0.0,0.3636363636363636,0,no_snow
280,0.0,0.3766233766233766,7,no_snow
281,4.51,0.8701298701298701,35,no_snow
282,0.09,0.4155844155844155,15,no_snow
283,0.0,0.2857142857142857,0,no_snow
284,0.09,0.4025974025974025,45,no_snow
285,0.43,0.922077922077922,100,no_snow
286,0.0,0.5974025974025974,17,no_snow
287,0.0,0.1558441558441558,1,no_snow
288,0.09,0.8961038961038961,81,no_snow
289,7.57,0.6883116883116884,86,no_snow
290,0.0,0.6883116883116884,6,no_snow
291,0.0,0.6233766233766234,100,no_snow
292,0.0,0.6623376623376624,92,no_snow
293,0.0,0.7662337662337662,81,no_snow
294,0.17,0.9090909090909092,78,no_snow
295,0.0,0.5974025974025974,5,no_snow
296,0.0,0.2987012987012987,6,no_snow
297,0.0,0.7792207792207793,85,no_snow
298,0.77,0.3376623376623376,10,no_snow
299,0.09,0.9090909090909092,97,no_snow
300,0.09,0.8051948051948052,100,no_snow
301,1.02,0.9610389610389608,100,no_snow
302,0.0,0.7402597402597402,100,no_snow
303,0.0,0.5844155844155845,2,no_snow
304,0.0,0.2337662337662338,1,no_snow
305,0.09,0.6623376623376624,50,no_snow
306,0.17,0.5584415584415585,100,no_snow
307,0.0,0.6753246753246753,4,no_snow
308,0.0,0.4675324675324675,1,no_snow
309,0.0,0.7272727272727273,86,no_snow
310,0.26,0.8571428571428572,100,no_snow
311,0.77,0.8701298701298701,20,no_snow
312,0.0,0.4545454545454545,3,no_snow
313,3.23,0.7662337662337662,100,no_snow
314,2.21,0.8831168831168832,62,no_snow
315,0.09,0.8441558441558441,100,no_snow
316,0.0,0.7402597402597402,78,no_snow
317,1.79,0.6363636363636365,93,no_snow
318,2.89,0.8701298701298701,72,no_snow
319,0.0,0.2727272727272727,0,no_snow
320,0.09,0.5324675324675325,5,no_snow
321,0.0,0.7012987012987013,100,no_snow
322,0.0,0.1298701298701298,20,no_snow
323,0.0,0.5714285714285714,100,no_snow
324,0.0,0.9090909090909092,100,no_snow
325,0.0,0.4935064935064935,4,no_snow
326,0.68,0.922077922077922,92,no_snow
327,0.0,0.7402597402597402,83,no_snow
328,0.0,0.5844155844155845,97,no_snow
329,0.0,0.6623376623376624,0,no_snow
330,0.0,0.2597402597402597,19,no_snow
331,0.0,0.4155844155844155,3,no_snow
332,0.0,0.3246753246753247,0,no_snow
333,0.77,0.7662337662337662,82,no_snow
334,0.17,0.5454545454545454,28,no_snow
335,0.0,0.6753246753246753,100,no_snow
336,0.43,0.974025974025974,89,no_snow
337,0.0,0.3246753246753247,0,no_snow
338,1.96,0.948051948051948,100,no_snow
339,0.0,0.7532467532467533,39,no_snow
340,1.11,0.6493506493506493,88,no_snow
341,1.7,0.2597402597402597,3,no_snow
342,1.02,1.0,100,no_snow
343,3.91,0.8961038961038961,82,no_snow
344,1.87,0.6103896103896105,83,no_snow
345,0.68,0.5324675324675325,36,no_snow
346,0.0,0.1298701298701298,0,no_snow
347,1.53,0.8701298701298701,100,no_snow
348,0.43,0.5584415584415585,98,no_snow
349,0.0,0.9090909090909092,59,no_snow
350,0.0,0.9610389610389608,30,no_snow
351,0.0,0.6363636363636365,100,no_snow
352,0.0,0.5584415584415585,89,no_snow
353,0.0,0.5584415584415585,86,no_snow
354,1.11,0.5974025974025974,65,no_snow
355,0.0,0.8961038961038961,100,no_snow
356,0.0,0.5454545454545454,100,no_snow
357,0.0,0.6753246753246753,87,no_snow
358,0.68,0.948051948051948,100,no_snow
359,0.0,0.5714285714285714,81,no_snow
360,0.0,0.5714285714285714,7,no_snow
361,4.0,0.5584415584415585,14,no_snow
362,0.0,0.8961038961038961,68,no_snow
363,1.7,0.6753246753246753,10,no_snow
364,0.0,0.5194805194805194,100,no_snow
365,0.68,1.0,100,no_snow
366,1.11,0.5064935064935066,100,no_snow
367,0.0,0.2987012987012987,1,no_snow
368,0.43,0.9870129870129868,85,no_snow
369,0.68,0.1948051948051948,19,no_snow
370,0.68,0.5324675324675325,97,no_snow
371,0.0,0.6493506493506493,4,no_snow
372,0.0,0.0259740259740259,32,no_snow
373,0.0,0.4025974025974025,3,no_snow
374,0.0,0.5454545454545454,0,no_snow
375,0.0,0.5974025974025974,97,no_snow
376,0.17,0.5454545454545454,82,no_snow
377,5.36,0.4805194805194805,45,no_snow
378,0.77,0.6753246753246753,10,no_snow
379,0.0,0.4805194805194805,22,no_snow
380,0.0,0.6623376623376624,100,no_snow
381,0.43,0.7792207792207793,92,no_snow
382,0.0,0.5584415584415585,6,no_snow
383,0.85,0.4935064935064935,100,no_snow
384,1.02,0.948051948051948,100,no_snow
385,0.0,0.7142857142857142,99,no_snow
386,0.0,0.4285714285714285,0,no_snow
387,0.43,0.9350649350649352,44,no_snow
388,0.51,0.6753246753246753,66,no_snow
389,0.0,0.8311688311688312,7,no_snow
390,0.0,0.9610389610389608,42,no_snow
391,0.0,0.4675324675324675,28,no_snow
392,0.0,0.6103896103896105,95,no_snow
393,0.51,0.7402597402597402,15,no_snow
394,0.0,0.1558441558441558,61,no_snow
395,4.25,0.8961038961038961,5,no_snow
396,0.0,0.6623376623376624,6,no_snow
397,0.77,0.5064935064935066,7,no_snow
398,0.0,0.4025974025974025,100,no_snow
399,0.0,0.5454545454545454,69,no_snow
400,0.68,0.6233766233766234,72,no_snow
401,0.0,0.1428571428571428,0,no_snow
402,0.26,0.922077922077922,100,no_snow
403,0.0,0.2467532467532467,0,no_snow
404,0.0,0.7142857142857142,11,no_snow
405,1.36,0.4545454545454545,12,no_snow
406,0.0,0.3246753246753247,2,no_snow
407,0.0,0.9350649350649352,93,no_snow
408,1.79,0.7532467532467533,100,no_snow
409,1.62,0.5714285714285714,97,no_snow
410,1.02,0.7272727272727273,63,no_snow
411,0.68,0.5844155844155845,93,no_snow
412,0.0,0.7662337662337662,100,no_snow
413,0.85,0.6493506493506493,95,no_snow
414,0.0,0.5844155844155845,27,no_snow
415,0.0,0.3116883116883117,3,no_snow
416,0.68,0.7792207792207793,19,no_snow
417,0.0,0.7792207792207793,50,no_snow
418,0.0,0.6233766233766234,100,no_snow
419,0.0,0.6883116883116884,49,no_snow
420,0.17,0.5844155844155845,10,no_snow
421,0.0,0.6623376623376624,100,no_snow
422,0.0,0.7662337662337662,100,no_snow
423,0.0,0.8701298701298701,100,no_snow
424,0.26,0.8701298701298701,50,no_snow
425,1.7,0.4285714285714285,3,no_snow
426,2.3,0.8181818181818181,100,no_snow
427,0.0,0.5194805194805194,5,no_snow
428,0.0,0.7402597402597402,65,no_snow
429,0.94,0.5454545454545454,100,no_snow
430,0.0,0.2597402597402597,3,no_snow
431,0.0,0.5324675324675325,6,no_snow
432,0.17,0.9350649350649352,100,no_snow
433,1.28,0.7662337662337662,11,no_snow
434,0.0,0.4545454545454545,51,no_snow
435,0.0,0.5844155844155845,100,no_snow
436,0.0,0.4935064935064935,17,no_snow
437,0.0,0.5844155844155845,64,no_snow
438,4.25,0.9610389610389608,100,no_snow
439,0.09,0.8831168831168832,60,no_snow
440,0.94,0.6233766233766234,100,no_snow
441,0.0,0.4805194805194805,2,no_snow
442,0.0,0.4545454545454545,3,no_snow
443,0.0,0.4285714285714285,3,no_snow
444,0.0,0.5584415584415585,6,no_snow
445,0.6,0.2597402597402597,7,no_snow
446,0.0,0.4415584415584415,6,no_snow
447,0.0,0.4805194805194805,69,no_snow
448,1.7,0.922077922077922,43,no_snow
449,0.0,0.6233766233766234,38,no_snow
450,0.0,0.7922077922077921,77,no_snow
451,2.04,0.948051948051948,100,no_snow
452,0.0,0.7272727272727273,4,no_snow
453,0.0,0.4805194805194805,6,no_snow
454,0.0,0.7142857142857142,19,no_snow
455,2.3,0.922077922077922,100,no_snow
456,0.09,0.7012987012987013,99,no_snow
457,0.0,0.4155844155844155,49,no_snow
458,3.06,0.6363636363636365,71,no_snow
459,0.0,0.1558441558441558,0,no_snow
460,0.09,0.5454545454545454,37,no_snow
461,0.09,0.7142857142857142,10,no_snow
462,0.0,0.3376623376623376,0,no_snow
463,0.09,0.9350649350649352,86,no_snow
464,0.0,0.2857142857142857,77,no_snow
465,0.0,0.5714285714285714,97,no_snow
466,0.0,0.6493506493506493,64,no_snow
467,0.0,0.4415584415584415,3,no_snow
468,0.0,0.4415584415584415,3,no_snow
469,0.0,0.8181818181818181,38,no_snow
470,0.0,0.4415584415584415,46,no_snow
471,2.3,0.974025974025974,100,no_snow
472,1.11,0.8571428571428572,50,no_snow
473,0.68,0.5844155844155845,36,no_snow
474,0.17,0.6493506493506493,94,no_snow
475,0.17,0.8701298701298701,100,no_snow
476,0.77,0.1688311688311688,11,no_snow
477,0.0,0.6883116883116884,100,no_snow
478,1.28,0.5974025974025974,49,no_snow
479,1.11,0.6233766233766234,79,no_snow
480,0.0,0.5714285714285714,79,no_snow
481,0.0,0.8701298701298701,70,no_snow
482,0.68,0.1428571428571428,0,no_snow
483,0.0,0.8181818181818181,100,no_snow
484,0.26,0.9350649350649352,12,no_snow
485,0.0,0.5714285714285714,49,no_snow
486,0.09,0.7532467532467533,100,no_snow
487,0.85,0.4935064935064935,76,no_snow
488,2.21,0.9350649350649352,66,no_snow
489,0.0,0.5714285714285714,74,no_snow
490,0.0,0.6623376623376624,78,no_snow
491,0.0,0.8701298701298701,97,no_snow
492,1.02,0.974025974025974,100,no_snow
493,0.0,0.6493506493506493,6,no_snow
494,0.0,0.7272727272727273,11,no_snow
495,0.0,0.5974025974025974,0,no_snow
496,0.0,0.5064935064935066,35,no_snow
497,0.68,0.2077922077922078,21,no_snow
498,0.43,0.9090909090909092,100,no_snow
499,0.0,0.8441558441558441,92,no_snow
500,0.0,0.4155844155844155,3,no_snow
501,0.0,0.8181818181818181,89,no_snow
502,0.0,0.0649350649350649,18,no_snow
503,0.0,0.6233766233766234,100,no_snow
504,0.0,0.8831168831168832,100,no_snow
505,0.0,0.7402597402597402,76,no_snow
506,0.43,0.9870129870129868,87,no_snow
507,0.0,0.5844155844155845,6,no_snow
508,0.0,0.7532467532467533,100,no_snow
509,0.0,0.3636363636363636,0,no_snow
510,0.0,0.4415584415584415,0,no_snow
511,0.0,0.7532467532467533,100,no_snow
512,0.94,0.6103896103896105,100,no_snow
513,0.0,0.4025974025974025,0,no_snow
514,0.0,0.5454545454545454,100,no_snow
515,0.0,0.6753246753246753,100,no_snow
516,0.0,0.3636363636363636,3,no_snow
517,0.0,0.5454545454545454,5,no_snow
518,0.0,0.4545454545454545,70,no_snow
519,0.0,0.7402597402597402,15,no_snow
520,0.0,0.7142857142857142,100,no_snow
521,0.77,0.974025974025974,100,no_snow
522,0.0,0.8441558441558441,47,no_snow
523,0.0,0.1298701298701298,0,no_snow
524,13.35,0.7402597402597402,60,no_snow
525,0.0,0.8441558441558441,9,no_snow
526,0.0,0.3766233766233766,42,no_snow
527,0.0,0.7272727272727273,100,no_snow
528,0.0,0.3116883116883117,5,no_snow
529,1.02,0.948051948051948,100,no_snow
530,1.53,0.8701298701298701,6,no_snow
531,0.0,0.5844155844155845,1,no_snow
532,0.0,0.4675324675324675,46,no_snow
533,0.0,0.8181818181818181,89,no_snow
534,0.0,0.1818181818181818,4,no_snow
535,1.36,0.4155844155844155,4,no_snow
536,1.79,0.5064935064935066,47,no_snow
537,2.04,0.9350649350649352,100,no_snow
538,0.0,0.6623376623376624,6,no_snow
539,0.77,0.9870129870129868,100,no_snow
540,0.0,0.7792207792207793,52,no_snow
541,3.06,0.5844155844155845,49,no_snow
542,0.0,0.6363636363636365,82,no_snow
543,0.77,0.1688311688311688,70,no_snow
544,0.68,0.6493506493506493,84,no_snow
545,0.0,0.9610389610389608,100,no_snow
546,0.85,0.5454545454545454,46,no_snow
547,0.0,0.5714285714285714,6,no_snow
548,0.0,0.4545454545454545,22,no_snow
549,0.0,0.5844155844155845,14,no_snow
550,0.77,0.7532467532467533,34,no_snow
551,0.0,0.6493506493506493,78,no_snow
552,0.43,0.8181818181818181,63,no_snow
553,0.0,0.7922077922077921,26,no_snow
554,4.0,0.5064935064935066,12,no_snow
555,0.0,0.4155844155844155,3,no_snow
556,0.94,0.5194805194805194,48,no_snow
557,0.0,0.6623376623376624,8,no_snow
558,0.0,0.7792207792207793,100,no_snow
559,1.62,0.5974025974025974,98,no_snow
560,0.0,0.5064935064935066,82,no_snow
561,3.06,0.5844155844155845,57,no_snow
562,0.0,0.4675324675324675,0,no_snow
563,0.0,0.4415584415584415,0,no_snow
564,0.09,0.7272727272727273,13,no_snow
565,1.7,0.4675324675324675,4,no_snow
566,0.94,0.5454545454545454,75,no_snow
567,0.0,0.6103896103896105,2,no_snow
568,0.0,0.7012987012987013,100,no_snow
569,0.0,0.7402597402597402,100,no_snow
570,0.0,0.6753246753246753,41,no_snow
571,0.0,0.5714285714285714,99,no_snow
572,0.0,0.4675324675324675,53,no_snow
573,0.77,0.948051948051948,100,no_snow
574,0.85,0.5064935064935066,38,no_snow
575,0.0,0.4545454545454545,100,no_snow
576,0.0,0.5974025974025974,100,no_snow
577,0.0,0.5454545454545454,5,no_snow
578,0.0,0.8571428571428572,75,no_snow
579,0.0,0.5714285714285714,0,no_snow
580,0.34,0.4805194805194805,1,no_snow
581,0.0,0.6233766233766234,5,no_snow
582,0.0,0.2857142857142857,0,no_snow
583,0.0,0.9350649350649352,100,no_snow
584,0.0,0.3766233766233766,5,no_snow
585,0.0,0.7272727272727273,100,no_snow
586,0.0,0.7142857142857142,0,no_snow
587,0.68,0.5844155844155845,63,no_snow
588,2.21,0.7792207792207793,83,no_snow
589,4.25,0.9090909090909092,14,no_snow
590,3.91,0.8961038961038961,39,no_snow
591,0.68,0.8701298701298701,100,no_snow
592,0.0,0.4545454545454545,51,no_snow
593,1.11,0.4285714285714285,3,no_snow
594,1.02,0.9350649350649352,100,no_snow
595,0.0,0.948051948051948,100,no_snow
596,0.0,0.5324675324675325,18,no_snow
597,0.0,0.6103896103896105,99,no_snow
598,0.68,0.1818181818181818,12,no_snow
599,0.77,0.7012987012987013,64,no_snow
600,0.0,0.922077922077922,100,no_snow
601,0.0,0.7792207792207793,51,no_snow
602,0.85,0.5064935064935066,100,no_snow
603,0.0,0.3636363636363636,41,no_snow
604,0.0,0.4805194805194805,81,no_snow
605,0.0,0.3896103896103896,0,no_snow
606,0.0,0.4935064935064935,4,no_snow
607,0.17,0.6493506493506493,90,no_snow
608,0.0,0.6103896103896105,3,no_snow
609,0.0,0.4285714285714285,88,no_snow
610,1.36,0.1558441558441558,0,no_snow
611,3.91,0.8961038961038961,52,no_snow
612,0.0,0.5584415584415585,23,no_snow
613,0.0,0.9350649350649352,50,no_snow
614,0.6,0.5714285714285714,8,no_snow
615,0.0,0.5064935064935066,17,no_snow
616,0.0,0.6753246753246753,29,no_snow
617,1.7,0.4675324675324675,5,no_snow
618,0.0,0.8961038961038961,100,no_snow
619,2.38,0.9350649350649352,100,no_snow
620,0.0,0.5194805194805194,81,no_snow
621,0.09,0.8961038961038961,63,no_snow
622,0.0,0.1558441558441558,21,no_snow
623,0.26,0.4545454545454545,8,no_snow
624,0.0,0.6103896103896105,6,no_snow
625,0.09,0.7142857142857142,12,no_snow
626,0.17,0.6753246753246753,10,no_snow
627,0.0,0.4155844155844155,2,no_snow
628,0.26,0.922077922077922,74,no_snow
629,1.79,0.974025974025974,100,no_snow
630,0.51,0.7012987012987013,69,no_snow
631,1.79,0.7012987012987013,100,no_snow
632,0.34,0.4675324675324675,3,no_snow
633,0.0,0.1688311688311688,0,no_snow
634,0.0,0.4675324675324675,41,no_snow
635,0.0,0.3506493506493506,1,no_snow
636,0.0,0.6753246753246753,8,no_snow
637,0.0,0.5064935064935066,45,no_snow
638,0.0,0.7012987012987013,52,no_snow
639,0.0,0.9350649350649352,96,no_snow
640,3.06,0.7142857142857142,100,no_snow
641,0.0,0.3766233766233766,25,no_snow
642,0.0,0.5584415584415585,73,no_snow
643,0.0,0.4935064935064935,2,no_snow
644,0.0,0.6233766233766234,5,no_snow
645,0.0,0.3896103896103896,29,no_snow
646,0.77,0.948051948051948,100,no_snow
647,0.0,0.6103896103896105,4,no_snow
648,0.09,0.8961038961038961,100,no_snow
649,0.0,0.4155844155844155,87,no_snow
650,0.0,0.5194805194805194,89,no_snow
651,0.0,0.4935064935064935,69,no_snow
652,0.0,0.4415584415584415,5,no_snow
653,0.0,0.9090909090909092,50,no_snow
654,0.0,0.6233766233766234,5,no_snow
655,0.0,0.8311688311688312,87,no_snow
656,0.0,0.6753246753246753,8,no_snow
657,0.0,0.7402597402597402,80,no_snow
658,0.09,0.5844155844155845,100,no_snow
659,0.17,0.5974025974025974,53,no_snow
660,0.0,0.5454545454545454,82,no_snow
661,0.09,0.2987012987012987,1,no_snow
662,0.51,0.5584415584415585,13,no_snow
663,0.0,0.8311688311688312,82,no_snow
664,0.0,0.7272727272727273,100,no_snow
665,1.62,0.5584415584415585,100,no_snow
666,0.0,0.0129870129870129,25,no_snow
667,0.0,0.7662337662337662,100,no_snow
668,1.7,0.9350649350649352,68,no_snow
669,1.36,0.7402597402597402,70,no_snow
670,0.0,0.5844155844155845,93,no_snow
671,0.0,0.6233766233766234,95,no_snow
672,0.09,0.5584415584415585,100,no_snow
673,0.0,0.3376623376623376,1,no_snow
674,0.09,0.7012987012987013,81,no_snow
675,0.0,0.3766233766233766,2,no_snow
676,0.0,0.3116883116883117,0,no_snow
677,0.77,0.5844155844155845,5,no_snow
678,0.0,0.6233766233766234,8,no_snow
679,0.0,0.5194805194805194,0,no_snow
680,1.02,0.7662337662337662,31,no_snow
681,0.0,0.7792207792207793,100,no_snow
682,0.0,0.5194805194805194,21,no_snow
683,0.0,0.8571428571428572,84,no_snow
684,0.85,0.4805194805194805,28,no_snow
685,0.0,0.7532467532467533,86,no_snow
686,0.0,0.8961038961038961,80,no_snow
687,0.0,0.9090909090909092,100,no_snow
688,0.09,0.948051948051948,67,no_snow
689,0.0,0.8701298701298701,62,no_snow
690,0.0,0.8701298701298701,47,no_snow
691,0.0,0.948051948051948,35,no_snow
692,0.0,0.2857142857142857,0,no_snow
693,0.0,0.4675324675324675,5,no_snow
694,0.0,0.7662337662337662,66,no_snow
695,0.0,0.5064935064935066,91,no_snow
696,0.0,0.4285714285714285,0,no_snow
697,0.0,0.5324675324675325,0,no_snow
698,0.0,0.5714285714285714,77,no_snow
699,0.0,0.4285714285714285,3,no_snow
700,1.79,0.7402597402597402,100,no_snow
701,0.0,0.7402597402597402,100,no_snow
702,0.0,0.4805194805194805,31,no_snow
703,0.09,0.7922077922077921,100,no_snow
704,0.17,0.7532467532467533,100,no_snow
705,0.77,0.9610389610389608,100,no_snow
706,0.09,0.9090909090909092,94,no_snow
707,1.11,0.6753246753246753,100,no_snow
708,0.0,0.3246753246753247,3,no_snow
709,3.06,0.8961038961038961,100,no_snow
710,1.11,0.8311688311688312,32,no_snow
711,0.94,0.5194805194805194,47,no_snow
712,0.09,0.8961038961038961,100,no_snow
713,0.0,0.5194805194805194,100,no_snow
714,0.0,0.3376623376623376,0,no_snow
715,0.0,0.7142857142857142,33,no_snow
716,0.34,0.5064935064935066,46,no_snow
717,0.17,0.9350649350649352,52,no_snow
718,0.0,0.1818181818181818,2,no_snow
719,0.0,0.6233766233766234,100,no_snow
720,0.0,0.1038961038961038,0,no_snow
721,2.21,0.4545454545454545,18,no_snow
722,0.0,0.4025974025974025,4,no_snow
723,0.0,0.6363636363636365,3,no_snow
724,0.0,0.8051948051948052,93,no_snow
725,0.0,0.4415584415584415,4,no_snow
726,0.68,0.5064935064935066,34,no_snow
727,4.59,0.8051948051948052,87,no_snow
728,0.43,0.4545454545454545,12,no_snow
729,0.0,0.7272727272727273,100,no_snow
730,0.77,0.922077922077922,66,no_snow
731,0.0,0.5974025974025974,5,no_snow
732,0.0,0.4805194805194805,22,no_snow
733,0.0,0.8051948051948052,100,no_snow
734,0.77,0.948051948051948,100,no_snow
735,0.94,0.7012987012987013,97,no_snow
736,0.0,0.1948051948051948,0,no_snow
737,0.09,0.9090909090909092,100,no_snow
738,0.85,0.6883116883116884,93,no_snow
739,0.17,0.7532467532467533,100,no_snow
740,0.26,0.8181818181818181,98,no_snow
741,2.21,0.7792207792207793,18,no_snow
742,0.68,0.1688311688311688,6,no_snow
743,0.0,0.4675324675324675,4,no_snow
744,0.0,0.4155844155844155,3,no_snow
745,0.0,0.4155844155844155,3,no_snow
746,0.09,0.922077922077922,90,no_snow
747,0.0,0.5064935064935066,59,no_snow
748,4.51,0.8571428571428572,35,no_snow
749,0.0,0.8051948051948052,32,no_snow
750,0.0,0.7792207792207793,98,no_snow
751,6.29,0.974025974025974,100,no_snow
752,0.0,0.6753246753246753,8,no_snow
753,0.0,0.5844155844155845,5,no_snow
754,0.0,0.5194805194805194,74,no_snow
755,0.0,0.5844155844155845,51,no_snow
756,0.09,0.7792207792207793,46,no_snow
757,1.11,0.4155844155844155,7,no_snow
758,0.0,0.8701298701298701,90,no_snow
759,0.68,0.1558441558441558,0,no_snow
760,0.43,0.8571428571428572,95,no_snow
761,0.26,0.922077922077922,100,no_snow
762,0.0,0.6103896103896105,35,no_snow
763,1.28,0.5454545454545454,49,no_snow
764,0.0,0.4155844155844155,2,no_snow
765,0.0,0.7402597402597402,54,no_snow
766,0.0,0.5324675324675325,14,no_snow
767,0.0,0.4285714285714285,2,no_snow
768,1.87,0.5714285714285714,79,no_snow
769,0.17,0.4935064935064935,100,no_snow
770,0.0,0.6753246753246753,12,no_snow
771,0.0,0.6103896103896105,100,no_snow
772,0.0,0.974025974025974,100,no_snow
773,0.0,0.7532467532467533,92,no_snow
774,1.96,0.9610389610389608,100,no_snow
775,0.0,0.2987012987012987,0,no_snow
776,1.02,0.8311688311688312,100,no_snow
777,0.0,0.1168831168831168,2,no_snow
778,2.3,0.7922077922077921,98,no_snow
779,0.0,0.5974025974025974,55,no_snow
780,0.0,0.5844155844155845,7,no_snow
781,0.0,0.5454545454545454,7,no_snow
782,0.0,0.6103896103896105,100,no_snow
783,7.57,0.8701298701298701,82,no_snow
784,0.0,0.5194805194805194,5,no_snow
785,0.0,0.6103896103896105,24,no_snow
786,0.09,0.6753246753246753,91,no_snow
787,0.0,0.5324675324675325,100,no_snow
788,0.0,0.9350649350649352,100,no_snow
789,0.0,0.3116883116883117,0,no_snow
790,0.0,0.5584415584415585,48,no_snow
791,0.0,0.6623376623376624,2,no_snow
792,2.21,0.7662337662337662,16,no_snow
793,0.0,0.7272727272727273,90,no_snow
794,0.0,0.5064935064935066,100,no_snow
795,6.29,0.9870129870129868,91,no_snow
796,0.09,0.3116883116883117,0,no_snow
797,3.91,0.8961038961038961,6,no_snow
798,0.0,0.3896103896103896,0,no_snow
799,0.0,0.3506493506493506,0,no_snow
800,0.0,0.5714285714285714,91,no_snow
801,0.0,0.6623376623376624,12,no_snow
802,0.0,0.5844155844155845,28,no_snow
803,0.0,0.6883116883116884,3,no_snow
804,0.0,0.8831168831168832,100,no_snow
805,4.25,0.9350649350649352,100,no_snow
806,0.0,0.4935064935064935,4,no_snow
807,0.17,0.5974025974025974,100,no_snow
808,2.3,0.9610389610389608,100,no_snow
809,0.0,0.1818181818181818,7,no_snow
810,0.0,0.6103896103896105,2,no_snow
811,0.09,0.6233766233766234,6,no_snow
812,0.09,0.5454545454545454,100,no_snow
813,0.0,0.6103896103896105,28,no_snow
814,0.0,0.4545454545454545,26,no_snow
815,0.0,0.7272727272727273,100,no_snow
816,0.0,0.6623376623376624,6,no_snow
817,0.0,0.6363636363636365,100,no_snow
818,0.09,0.5194805194805194,69,no_snow
819,0.0,0.3636363636363636,0,no_snow
820,0.0,0.1428571428571428,0,no_snow
821,0.09,0.9350649350649352,28,no_snow
822,2.04,0.9350649350649352,72,no_snow
823,0.43,0.5714285714285714,54,no_snow
824,0.17,0.7142857142857142,100,no_snow
825,0.09,0.6103896103896105,83,no_snow
826,0.0,0.4545454545454545,4,no_snow
827,0.0,0.5714285714285714,55,no_snow
828,0.0,0.7922077922077921,24,no_snow
829,0.17,0.6753246753246753,95,no_snow
830,0.94,0.6623376623376624,100,no_snow
831,0.0,0.1948051948051948,9,no_snow
832,0.6,0.6883116883116884,11,no_snow
833,3.91,0.8961038961038961,100,no_snow
834,0.0,0.5584415584415585,20,no_snow
835,0.0,0.7532467532467533,14,no_snow
836,0.0,0.7402597402597402,95,no_snow
837,0.26,0.922077922077922,100,no_snow
838,1.11,0.8831168831168832,100,no_snow
839,0.0,0.2987012987012987,5,no_snow
840,0.0,0.7012987012987013,100,no_snow
841,1.7,0.7402597402597402,8,no_snow
842,0.0,0.8311688311688312,100,no_snow
843,0.0,0.6623376623376624,100,no_snow
844,0.6,0.5064935064935066,37,no_snow
845,2.04,0.948051948051948,100,no_snow
846,0.0,0.7532467532467533,100,no_snow
847,0.0,0.5714285714285714,6,no_snow
848,0.09,0.8051948051948052,100,no_snow
849,0.85,0.4805194805194805,100,no_snow
850,2.47,0.8831168831168832,30,no_snow
851,0.26,0.8571428571428572,22,no_snow
852,1.02,0.8571428571428572,100,no_snow
853,0.0,0.8441558441558441,100,no_snow
854,0.0,0.7662337662337662,100,no_snow
855,0.0,0.8051948051948052,97,no_snow
856,0.09,0.6493506493506493,66,no_snow
857,0.09,0.5584415584415585,5,no_snow
858,0.0,0.1558441558441558,0,no_snow
859,0.0,0.922077922077922,100,no_snow
860,0.51,0.7142857142857142,15,no_snow
861,0.26,0.9090909090909092,100,no_snow
862,1.28,0.6753246753246753,100,no_snow
863,0.09,0.5714285714285714,69,no_snow
864,0.0,0.6493506493506493,100,no_snow
865,0.0,0.6623376623376624,59,no_snow
866,0.0,0.5194805194805194,50,no_snow
867,0.0,0.8051948051948052,63,no_snow
868,0.09,0.5194805194805194,6,no_snow
869,0.43,0.4675324675324675,50,no_snow
870,0.09,0.8831168831168832,91,no_snow
871,0.0,0.7402597402597402,100,no_snow
872,0.0,0.8831168831168832,100,no_snow
873,0.09,0.5194805194805194,41,no_snow
874,0.0,0.5454545454545454,74,no_snow
875,0.0,0.5324675324675325,30,no_snow
876,1.11,0.5584415584415585,77,no_snow
877,0.0,0.7012987012987013,38,no_snow
878,2.3,0.9870129870129868,100,no_snow
879,2.3,0.9350649350649352,100,no_snow
880,1.87,0.8181818181818181,100,no_snow
881,0.0,0.5454545454545454,5,no_snow
882,0.0,0.6363636363636365,100,no_snow
883,0.0,0.5844155844155845,78,no_snow
884,0.0,0.6753246753246753,52,no_snow
885,0.09,0.8961038961038961,72,no_snow
886,0.0,0.7532467532467533,6,no_snow
887,0.77,0.4935064935064935,24,no_snow
888,0.0,0.4025974025974025,32,no_snow
889,1.36,0.8571428571428572,100,no_snow
890,1.79,0.5714285714285714,84,no_snow
891,0.77,0.8441558441558441,58,no_snow
892,0.0,0.5974025974025974,100,no_snow
893,0.17,0.6233766233766234,72,no_snow
894,1.02,0.8181818181818181,100,no_snow
895,0.26,0.922077922077922,83,no_snow
896,0.77,0.9090909090909092,100,no_snow
897,0.0,0.8051948051948052,63,no_snow
898,0.0,0.5194805194805194,3,no_snow
899,2.47,0.8961038961038961,51,no_snow
900,0.09,0.8961038961038961,100,no_snow
901,0.0,0.6363636363636365,52,no_snow
902,0.0,0.948051948051948,100,no_snow
903,0.09,0.7272727272727273,100,no_snow
904,0.0,0.2207792207792208,4,no_snow
905,1.53,0.8831168831168832,97,no_snow
906,0.09,0.6883116883116884,8,no_snow
907,1.28,0.6233766233766234,66,no_snow
908,0.0,0.8311688311688312,98,no_snow
909,0.0,0.2597402597402597,0,no_snow
910,6.29,0.974025974025974,100,no_snow
911,0.0,0.1818181818181818,0,no_snow
912,0.09,0.948051948051948,44,no_snow
913,0.0,0.4805194805194805,26,no_snow
914,0.0,0.4675324675324675,100,no_snow
915,0.0,0.6363636363636365,100,no_snow
916,0.0,0.7012987012987013,64,no_snow
917,0.0,0.7272727272727273,10,no_snow
918,0.0,0.8701298701298701,50,no_snow
919,0.0,0.1298701298701298,0,no_snow
920,0.0,0.5974025974025974,99,no_snow
921,0.0,0.5714285714285714,81,no_snow
922,0.94,0.4805194805194805,56,no_snow
923,0.43,0.5324675324675325,35,no_snow
924,0.51,0.8961038961038961,100,no_snow
925,0.0,0.7662337662337662,65,no_snow
926,0.0,0.922077922077922,100,no_snow
927,0.26,0.5064935064935066,13,no_snow
928,0.85,0.5454545454545454,66,no_snow
929,0.0,0.4025974025974025,29,no_snow
930,0.0,0.6103896103896105,2,no_snow
931,0.09,0.6103896103896105,100,no_snow
932,0.0,0.6883116883116884,14,no_snow
933,0.09,0.7402597402597402,8,no_snow
934,0.09,0.8961038961038961,92,no_snow
935,0.0,0.5454545454545454,76,no_snow
936,0.0,0.3116883116883117,52,no_snow
937,1.28,0.7922077922077921,13,no_snow
938,4.59,0.8311688311688312,19,no_snow
939,1.79,0.5454545454545454,75,no_snow
940,0.0,0.4285714285714285,100,no_snow
941,0.68,0.948051948051948,100,no_snow
942,0.0,0.4675324675324675,16,no_snow
943,0.0,0.1948051948051948,55,no_snow
944,0.0,0.6623376623376624,9,no_snow
945,0.43,0.974025974025974,97,no_snow
946,0.0,0.3116883116883117,32,no_snow
947,0.51,0.7792207792207793,100,no_snow
948,0.0,0.4025974025974025,0,no_snow
949,2.21,0.7272727272727273,18,no_snow
950,0.09,0.8831168831168832,22,no_snow
951,0.0,0.948051948051948,38,no_snow
952,1.87,0.948051948051948,100,no_snow
953,0.0,0.7922077922077921,95,no_snow
954,0.85,0.5454545454545454,26,no_snow
955,0.0,0.8181818181818181,47,no_snow
956,0.0,0.5584415584415585,7,no_snow
957,0.09,0.9610389610389608,52,no_snow
958,0.0,0.6233766233766234,3,no_snow
959,0.09,0.2467532467532467,1,no_snow
960,0.0,0.4155844155844155,0,no_snow
961,0.0,0.5844155844155845,6,no_snow
962,0.94,0.7532467532467533,67,no_snow
963,0.09,0.4805194805194805,23,no_snow
964,0.0,0.7272727272727273,7,no_snow
965,0.0,0.5324675324675325,73,no_snow
966,0.0,0.4155844155844155,3,no_snow
967,0.0,0.4935064935064935,4,no_snow
968,0.0,0.7662337662337662,14,no_snow
969,1.36,0.948051948051948,100,no_snow
970,0.0,0.8571428571428572,50,no_snow
971,0.0,0.5844155844155845,4,no_snow
972,1.62,0.5714285714285714,97,no_snow
973,0.0,0.1948051948051948,0,no_snow
974,0.0,0.1428571428571428,1,no_snow
975,0.0,0.3506493506493506,4,no_snow
976,0.0,0.5324675324675325,2,no_snow
977,0.09,0.922077922077922,88,no_snow
978,0.43,0.7662337662337662,85,no_snow
979,0.0,0.5714285714285714,100,no_snow
980,0.51,0.7142857142857142,83,no_snow
981,0.0,0.6623376623376624,0,no_snow
982,0.0,0.0649350649350649,11,no_snow
983,0.0,0.5584415584415585,81,no_snow
984,1.79,0.5064935064935066,81,no_snow
985,0.0,0.7532467532467533,100,no_snow
986,1.02,1.0,100,no_snow
987,0.0,0.7792207792207793,5,no_snow
988,7.57,0.8701298701298701,100,no_snow
989,0.0,0.5844155844155845,16,no_snow
990,0.0,0.6883116883116884,56,no_snow
991,0.0,0.8701298701298701,82,no_snow
992,0.0,0.4415584415584415,5,no_snow
993,0.0,0.7402597402597402,13,no_snow
994,0.94,0.7012987012987013,100,no_snow
995,0.0,0.948051948051948,100,no_snow
996,0.17,0.922077922077922,41,no_snow
997,0.0,0.922077922077922,98,no_snow
998,0.43,0.5194805194805194,68,no_snow
999,0.0,0.7142857142857142,12,no_snow
1000,3.49,0.9090909090909092,100,chance_of_snow
1001,0.85,0.8311688311688312,69,chance_of_snow
1002,1.28,0.7662337662337662,37,chance_of_snow
1003,0.17,0.7662337662337662,100,chance_of_snow
1004,1.11,0.7532467532467533,100,chance_of_snow
1005,0.68,0.974025974025974,76,chance_of_snow
1006,0.77,0.8961038961038961,100,chance_of_snow
1007,2.47,0.9090909090909092,100,chance_of_snow
1008,0.68,0.974025974025974,84,chance_of_snow
1009,0.68,0.9350649350649352,63,chance_of_snow
1010,1.28,0.8571428571428572,100,chance_of_snow
1011,1.11,0.8701298701298701,97,chance_of_snow
1012,0.0,0.8831168831168832,81,chance_of_snow
1013,1.28,0.8571428571428572,99,chance_of_snow
1014,8.58,0.9350649350649352,100,chance_of_snow
1015,1.62,0.948051948051948,71,chance_of_snow
1016,0.68,0.9350649350649352,100,chance_of_snow
1017,0.77,0.8961038961038961,100,chance_of_snow
1018,1.79,0.8961038961038961,86,chance_of_snow
1019,0.09,0.8701298701298701,100,chance_of_snow
1020,0.43,0.9870129870129868,92,chance_of_snow
1021,8.58,0.9090909090909092,100,chance_of_snow
1022,1.28,0.8961038961038961,95,chance_of_snow
1023,4.25,0.9870129870129868,100,chance_of_snow
1024,1.79,0.9870129870129868,100,chance_of_snow
1025,4.0,0.8051948051948052,87,chance_of_snow
1026,0.68,0.974025974025974,100,chance_of_snow
1027,0.94,0.7272727272727273,100,chance_of_snow
1028,0.09,0.6883116883116884,100,chance_of_snow
1029,0.51,0.7532467532467533,54,chance_of_snow
1030,1.87,0.5974025974025974,79,chance_of_snow
1031,2.04,0.9350649350649352,88,chance_of_snow
1032,1.79,0.8051948051948052,100,chance_of_snow
1033,4.59,0.9350649350649352,100,chance_of_snow
1034,0.77,0.8571428571428572,100,chance_of_snow
1035,3.23,0.6753246753246753,86,chance_of_snow
1036,1.79,0.6623376623376624,100,chance_of_snow
1037,1.7,0.948051948051948,78,chance_of_snow
1038,3.49,0.9090909090909092,100,chance_of_snow
1039,0.43,0.9090909090909092,97,chance_of_snow
1040,0.09,0.6103896103896105,89,chance_of_snow
1041,2.47,0.9350649350649352,80,chance_of_snow
1042,1.79,0.6233766233766234,82,chance_of_snow
1043,0.09,0.6753246753246753,100,chance_of_snow
1044,1.53,0.9610389610389608,100,chance_of_snow
1045,2.3,0.7922077922077921,100,chance_of_snow
1046,1.53,0.9610389610389608,100,chance_of_snow
1047,6.29,0.974025974025974,100,chance_of_snow
1048,0.77,0.8181818181818181,82,chance_of_snow
1049,1.28,0.5844155844155845,78,chance_of_snow
1050,4.0,0.948051948051948,98,chance_of_snow
1051,2.3,0.8051948051948052,100,chance_of_snow
1052,3.57,0.974025974025974,100,chance_of_snow
1053,1.7,0.922077922077922,82,chance_of_snow
1054,8.58,0.9350649350649352,100,chance_of_snow
1055,2.47,0.922077922077922,93,chance_of_snow
1056,0.0,0.7792207792207793,95,chance_of_snow
1057,0.0,0.7662337662337662,100,chance_of_snow
1058,4.51,0.8311688311688312,77,chance_of_snow
1059,2.47,0.948051948051948,100,chance_of_snow
1060,3.15,0.9870129870129868,100,chance_of_snow
1061,3.49,0.8701298701298701,100,chance_of_snow
1062,1.11,0.7142857142857142,100,chance_of_snow
1063,3.57,0.974025974025974,96,chance_of_snow
1064,3.15,0.974025974025974,100,chance_of_snow
1065,1.02,0.9090909090909092,92,chance_of_snow
1066,6.29,0.974025974025974,100,chance_of_snow
1067,1.11,0.6623376623376624,100,chance_of_snow
1068,0.68,0.8441558441558441,97,chance_of_snow
1069,0.77,0.3246753246753247,94,chance_of_snow
1070,0.0,0.7142857142857142,91,chance_of_snow
1071,3.91,0.8961038961038961,94,chance_of_snow
1072,2.3,0.974025974025974,100,chance_of_snow
1073,2.47,0.9350649350649352,95,chance_of_snow
1074,4.0,0.9350649350649352,92,chance_of_snow
1075,1.79,0.8181818181818181,94,chance_of_snow
1076,0.85,0.7792207792207793,79,chance_of_snow
1077,1.7,0.922077922077922,100,chance_of_snow
1078,0.17,0.7922077922077921,78,chance_of_snow
1079,1.28,0.6103896103896105,76,chance_of_snow
1080,0.17,0.7662337662337662,100,chance_of_snow
1081,1.62,0.9610389610389608,100,chance_of_snow
1082,1.79,0.9350649350649352,93,chance_of_snow
1083,4.59,0.9350649350649352,100,chance_of_snow
1084,18.79,0.9610389610389608,73,chance_of_snow
1085,1.28,0.8311688311688312,100,chance_of_snow
1086,1.96,0.8311688311688312,100,chance_of_snow
1087,0.0,0.7792207792207793,100,chance_of_snow
1088,0.43,0.8181818181818181,100,chance_of_snow
1089,1.02,0.8051948051948052,100,chance_of_snow
1090,4.51,0.8701298701298701,76,chance_of_snow
1091,2.47,0.8701298701298701,100,chance_of_snow
1092,1.7,0.7922077922077921,65,chance_of_snow
1093,1.87,0.8311688311688312,100,chance_of_snow
1094,0.0,0.7272727272727273,98,chance_of_snow
1095,3.91,0.9090909090909092,93,chance_of_snow
1096,0.34,0.6753246753246753,97,chance_of_snow
1097,1.36,0.7792207792207793,100,chance_of_snow
1098,3.57,0.974025974025974,100,chance_of_snow
1099,3.57,0.9610389610389608,100,chance_of_snow
1100,1.28,0.8831168831168832,83,chance_of_snow
1101,18.79,0.922077922077922,63,chance_of_snow
1102,3.57,0.9870129870129868,100,chance_of_snow
1103,2.38,0.922077922077922,100,chance_of_snow
1104,0.0,0.5714285714285714,73,chance_of_snow
1105,1.7,0.7402597402597402,70,chance_of_snow
1106,3.91,0.8571428571428572,76,chance_of_snow
1107,0.77,0.6493506493506493,57,chance_of_snow
1108,1.96,0.8831168831168832,89,chance_of_snow
1109,1.7,0.948051948051948,98,chance_of_snow
1110,1.7,0.7792207792207793,90,chance_of_snow
1111,0.0,0.6363636363636365,77,chance_of_snow
1112,0.0,0.7922077922077921,100,chance_of_snow
1113,0.51,0.4415584415584415,84,chance_of_snow
1114,2.89,0.922077922077922,100,chance_of_snow
1115,4.25,0.9090909090909092,86,chance_of_snow
1116,2.04,0.5844155844155845,100,chance_of_snow
1117,1.62,0.974025974025974,95,chance_of_snow
1118,0.0,0.8311688311688312,100,chance_of_snow
1119,0.43,0.7142857142857142,100,chance_of_snow
1120,18.79,0.9610389610389608,81,chance_of_snow
1121,0.09,0.8961038961038961,77,chance_of_snow
1122,3.57,0.974025974025974,90,chance_of_snow
1123,6.29,0.974025974025974,99,chance_of_snow
1124,1.53,0.974025974025974,100,chance_of_snow
1125,3.23,0.7272727272727273,100,chance_of_snow
1126,3.15,0.974025974025974,100,chance_of_snow
1127,18.79,0.9870129870129868,99,chance_of_snow
1128,1.7,0.5714285714285714,39,chance_of_snow
1129,0.09,0.8701298701298701,87,chance_of_snow
1130,1.79,0.9610389610389608,80,chance_of_snow
1131,4.59,0.9870129870129868,100,chance_of_snow
1132,0.17,0.7922077922077921,100,chance_of_snow
1133,1.7,0.8311688311688312,100,chance_of_snow
1134,1.02,0.6623376623376624,52,chance_of_snow
1135,1.28,0.8701298701298701,94,chance_of_snow
1136,0.77,0.8571428571428572,100,chance_of_snow
1137,0.09,0.8701298701298701,99,chance_of_snow
1138,0.17,0.8181818181818181,56,chance_of_snow
1139,5.36,0.948051948051948,75,chance_of_snow
1140,18.79,0.948051948051948,79,chance_of_snow
1141,1.45,0.948051948051948,100,chance_of_snow
1142,0.09,0.5584415584415585,100,chance_of_snow
1143,2.04,0.948051948051948,78,chance_of_snow
1144,0.43,1.0,100,chance_of_snow
1145,5.36,0.8961038961038961,61,chance_of_snow
1146,0.0,0.6623376623376624,83,chance_of_snow
1147,2.47,0.8311688311688312,100,chance_of_snow
1148,1.87,0.8311688311688312,100,chance_of_snow
1149,0.0,0.6883116883116884,87,chance_of_snow
1150,0.26,0.9870129870129868,100,chance_of_snow
1151,13.35,0.5324675324675325,52,chance_of_snow
1152,1.7,0.948051948051948,97,chance_of_snow
1153,1.96,0.9350649350649352,100,chance_of_snow
1154,0.26,0.8961038961038961,81,chance_of_snow
1155,0.17,0.8051948051948052,82,chance_of_snow
1156,13.35,0.5324675324675325,72,chance_of_snow
1157,1.96,0.8571428571428572,96,chance_of_snow
1158,0.34,0.6363636363636365,97,chance_of_snow
1159,4.51,0.6363636363636365,94,chance_of_snow
1160,1.53,0.922077922077922,100,chance_of_snow
1161,0.77,0.8701298701298701,100,chance_of_snow
1162,0.0,0.5584415584415585,88,chance_of_snow
1163,4.51,0.948051948051948,75,chance_of_snow
1164,1.87,0.7662337662337662,100,chance_of_snow
1165,7.57,0.7012987012987013,80,chance_of_snow
1166,0.0,0.5714285714285714,90,chance_of_snow
1167,4.25,0.8831168831168832,84,chance_of_snow
1168,0.68,0.8701298701298701,96,chance_of_snow
1169,1.7,0.6103896103896105,84,chance_of_snow
1170,1.62,0.7792207792207793,100,chance_of_snow
1171,0.0,0.5714285714285714,21,chance_of_snow
1172,1.79,0.7532467532467533,100,chance_of_snow
1173,7.74,0.7272727272727273,100,chance_of_snow
1174,2.04,0.5454545454545454,75,chance_of_snow
1175,0.0,0.8831168831168832,62,chance_of_snow
1176,1.11,0.7922077922077921,100,chance_of_snow
1177,0.0,0.8831168831168832,43,chance_of_snow
1178,0.0,0.6233766233766234,62,chance_of_snow
1179,0.43,0.8961038961038961,71,chance_of_snow
1180,2.47,0.9350649350649352,100,chance_of_snow
1181,0.85,0.9090909090909092,100,chance_of_snow
1182,6.55,0.9610389610389608,100,chance_of_snow
1183,18.79,0.974025974025974,86,chance_of_snow
1184,0.51,0.5844155844155845,84,chance_of_snow
1185,2.64,0.8311688311688312,100,chance_of_snow
1186,3.57,0.974025974025974,100,chance_of_snow
1187,0.68,0.974025974025974,100,chance_of_snow
1188,0.43,0.9350649350649352,100,chance_of_snow
1189,3.57,0.9610389610389608,97,chance_of_snow
1190,0.09,0.7142857142857142,77,chance_of_snow
1191,0.17,0.7662337662337662,100,chance_of_snow
1192,8.58,0.8181818181818181,100,chance_of_snow
1193,0.0,0.8181818181818181,100,chance_of_snow
1194,0.34,0.6363636363636365,98,chance_of_snow
1195,3.49,0.8701298701298701,100,chance_of_snow
1196,0.68,0.9870129870129868,91,chance_of_snow
1197,0.0,0.6103896103896105,49,chance_of_snow
1198,2.04,0.5844155844155845,82,chance_of_snow
1199,3.15,0.9090909090909092,100,chance_of_snow
1200,1.36,0.7402597402597402,100,chance_of_snow
1201,2.38,0.8571428571428572,100,chance_of_snow
1202,3.91,0.6753246753246753,85,chance_of_snow
1203,0.17,0.8311688311688312,100,chance_of_snow
1204,0.85,0.922077922077922,100,chance_of_snow
1205,18.79,0.9610389610389608,83,chance_of_snow
1206,0.26,0.5974025974025974,28,chance_of_snow
1207,1.62,0.9610389610389608,100,chance_of_snow
1208,0.17,0.7662337662337662,74,chance_of_snow
1209,1.02,0.9610389610389608,100,chance_of_snow
1210,5.36,0.922077922077922,68,chance_of_snow
1211,0.85,0.948051948051948,98,chance_of_snow
1212,3.49,0.8961038961038961,100,chance_of_snow
1213,0.68,0.9870129870129868,98,chance_of_snow
1214,0.0,0.6363636363636365,70,chance_of_snow
1215,0.09,0.6623376623376624,99,chance_of_snow
1216,0.0,0.7272727272727273,100,chance_of_snow
1217,0.43,0.9090909090909092,99,chance_of_snow
1218,2.3,0.8051948051948052,100,chance_of_snow
1219,7.57,0.7402597402597402,86,chance_of_snow
1220,1.62,0.9610389610389608,86,chance_of_snow
1221,1.87,0.8701298701298701,100,chance_of_snow
1222,4.59,0.9870129870129868,100,chance_of_snow
1223,3.15,0.8831168831168832,100,chance_of_snow
1224,0.17,0.8701298701298701,99,chance_of_snow
1225,6.29,0.9610389610389608,100,chance_of_snow
1226,0.0,0.7142857142857142,95,chance_of_snow
1227,0.09,0.6623376623376624,96,chance_of_snow
1228,3.15,0.974025974025974,100,chance_of_snow
1229,2.47,0.9610389610389608,89,chance_of_snow
1230,0.68,0.9610389610389608,99,chance_of_snow
1231,3.15,0.9350649350649352,100,chance_of_snow
1232,1.7,0.7662337662337662,75,chance_of_snow
1233,0.68,0.7272727272727273,96,chance_of_snow
1234,4.25,0.948051948051948,100,chance_of_snow
1235,1.96,0.8441558441558441,100,chance_of_snow
1236,1.7,0.8441558441558441,100,chance_of_snow
1237,3.23,0.6623376623376624,92,chance_of_snow
1238,1.36,0.8571428571428572,100,chance_of_snow
1239,1.53,0.8571428571428572,100,chance_of_snow
1240,18.79,0.9350649350649352,65,chance_of_snow
1241,8.58,0.8311688311688312,74,chance_of_snow
1242,1.87,0.5714285714285714,78,chance_of_snow
1243,2.21,0.7142857142857142,65,chance_of_snow
1244,2.64,0.6623376623376624,96,chance_of_snow
1245,0.77,0.8441558441558441,97,chance_of_snow
1246,2.47,0.9610389610389608,83,chance_of_snow
1247,0.43,0.9090909090909092,81,chance_of_snow
1248,0.77,0.5974025974025974,50,chance_of_snow
1249,1.79,0.922077922077922,100,chance_of_snow
1250,1.53,0.8441558441558441,100,chance_of_snow
1251,0.6,0.6493506493506493,85,chance_of_snow
1252,1.79,1.0,100,chance_of_snow
1253,0.77,0.6883116883116884,100,chance_of_snow
1254,18.79,0.948051948051948,68,chance_of_snow
1255,2.21,0.9350649350649352,96,chance_of_snow
1256,3.91,0.8831168831168832,81,chance_of_snow
1257,0.68,0.922077922077922,100,chance_of_snow
1258,6.29,0.974025974025974,100,chance_of_snow
1259,2.04,0.6623376623376624,59,chance_of_snow
1260,1.62,0.6103896103896105,100,chance_of_snow
1261,1.87,0.9350649350649352,100,chance_of_snow
1262,0.26,0.7142857142857142,39,chance_of_snow
1263,1.79,0.8831168831168832,79,chance_of_snow
1264,0.17,0.8051948051948052,100,chance_of_snow
1265,0.51,0.7662337662337662,87,chance_of_snow
1266,4.25,0.8571428571428572,95,chance_of_snow
1267,3.15,0.8961038961038961,100,chance_of_snow
1268,4.25,0.9870129870129868,100,chance_of_snow
1269,1.28,0.8831168831168832,89,chance_of_snow
1270,2.3,0.974025974025974,94,chance_of_snow
1271,1.87,0.8441558441558441,97,chance_of_snow
1272,0.0,0.6493506493506493,74,chance_of_snow
1273,1.45,0.9870129870129868,100,chance_of_snow
1274,4.25,0.9870129870129868,100,chance_of_snow
1275,3.57,0.974025974025974,100,chance_of_snow
1276,0.77,0.6363636363636365,35,chance_of_snow
1277,3.57,0.974025974025974,94,chance_of_snow
1278,4.25,0.9350649350649352,94,chance_of_snow
1279,0.85,0.8051948051948052,94,chance_of_snow
1280,0.17,0.7272727272727273,69,chance_of_snow
1281,0.0,0.8701298701298701,76,chance_of_snow
1282,1.28,0.7532467532467533,61,chance_of_snow
1283,2.89,0.7532467532467533,100,chance_of_snow
1284,0.43,0.948051948051948,98,chance_of_snow
1285,1.79,0.9870129870129868,100,chance_of_snow
1286,1.87,0.8961038961038961,100,chance_of_snow
1287,1.62,0.6883116883116884,100,chance_of_snow
1288,0.77,0.922077922077922,100,chance_of_snow
1289,3.49,0.8831168831168832,100,chance_of_snow
1290,1.96,0.8181818181818181,100,chance_of_snow
1291,2.47,0.8441558441558441,100,chance_of_snow
1292,0.68,0.8961038961038961,89,chance_of_snow
1293,3.15,0.8961038961038961,100,chance_of_snow
1294,0.43,0.8961038961038961,71,chance_of_snow
1295,1.11,0.8831168831168832,53,chance_of_snow
1296,1.45,0.9610389610389608,100,chance_of_snow
1297,0.51,0.7662337662337662,81,chance_of_snow
1298,0.43,0.5974025974025974,71,chance_of_snow
1299,0.68,1.0,100,chance_of_snow
1300,6.55,0.9610389610389608,100,chance_of_snow
1301,0.0,0.5584415584415585,100,chance_of_snow
1302,2.3,0.9090909090909092,100,chance_of_snow
1303,13.35,0.948051948051948,78,chance_of_snow
1304,1.62,0.9610389610389608,87,chance_of_snow
1305,1.7,0.948051948051948,78,chance_of_snow
1306,5.36,0.8831168831168832,83,chance_of_snow
1307,0.09,0.7792207792207793,100,chance_of_snow
1308,4.59,0.922077922077922,100,chance_of_snow
1309,1.53,0.8571428571428572,100,chance_of_snow
1310,0.68,0.9610389610389608,99,chance_of_snow
1311,13.35,0.9870129870129868,96,chance_of_snow
1312,1.79,0.8181818181818181,96,chance_of_snow
1313,0.77,0.8571428571428572,84,chance_of_snow
1314,0.43,0.9350649350649352,100,chance_of_snow
1315,0.43,0.9090909090909092,87,chance_of_snow
1316,0.77,0.8701298701298701,100,chance_of_snow
1317,2.04,0.4805194805194805,78,chance_of_snow
1318,2.47,0.9090909090909092,100,chance_of_snow
1319,1.53,0.8571428571428572,100,chance_of_snow
1320,0.51,0.8441558441558441,100,chance_of_snow
1321,5.36,0.6363636363636365,73,chance_of_snow
1322,2.3,0.8051948051948052,100,chance_of_snow
1323,0.68,0.8701298701298701,73,chance_of_snow
1324,2.04,0.8441558441558441,100,chance_of_snow
1325,0.43,0.8831168831168832,100,chance_of_snow
1326,1.96,0.8181818181818181,100,chance_of_snow
1327,3.91,0.7272727272727273,87,chance_of_snow
1328,0.17,0.7922077922077921,100,chance_of_snow
1329,2.04,0.6883116883116884,100,chance_of_snow
1330,2.21,0.8571428571428572,69,chance_of_snow
1331,3.91,0.948051948051948,82,chance_of_snow
1332,2.47,0.922077922077922,100,chance_of_snow
1333,0.68,0.9870129870129868,100,chance_of_snow
1334,1.7,0.7922077922077921,100,chance_of_snow
1335,0.26,0.974025974025974,100,chance_of_snow
1336,1.79,0.9350649350649352,90,chance_of_snow
1337,0.68,0.6883116883116884,90,chance_of_snow
1338,1.7,0.948051948051948,99,chance_of_snow
1339,2.3,0.974025974025974,98,chance_of_snow
1340,1.96,0.948051948051948,100,chance_of_snow
1341,1.36,0.7922077922077921,52,chance_of_snow
1342,0.17,0.922077922077922,100,chance_of_snow
1343,1.7,0.9350649350649352,98,chance_of_snow
1344,1.7,0.7532467532467533,80,chance_of_snow
1345,0.0,0.5974025974025974,89,chance_of_snow
1346,4.0,0.9090909090909092,86,chance_of_snow
1347,3.91,0.9090909090909092,75,chance_of_snow
1348,3.49,0.948051948051948,100,chance_of_snow
1349,6.55,0.974025974025974,100,chance_of_snow
1350,0.09,0.6493506493506493,100,chance_of_snow
1351,7.74,0.8961038961038961,99,chance_of_snow
1352,2.89,0.8701298701298701,99,chance_of_snow
1353,0.77,0.8571428571428572,98,chance_of_snow
1354,3.91,0.8701298701298701,73,chance_of_snow
1355,0.68,0.8701298701298701,97,chance_of_snow
1356,0.34,0.5324675324675325,56,chance_of_snow
1357,3.91,0.7012987012987013,81,chance_of_snow
1358,0.77,0.948051948051948,100,chance_of_snow
1359,2.3,0.7662337662337662,100,chance_of_snow
1360,0.77,0.8961038961038961,75,chance_of_snow
1361,0.0,0.8701298701298701,80,chance_of_snow
1362,0.26,0.922077922077922,73,chance_of_snow
1363,0.09,0.9610389610389608,100,chance_of_snow
1364,1.7,0.8701298701298701,100,chance_of_snow
1365,0.26,0.8311688311688312,100,chance_of_snow
1366,0.26,0.8311688311688312,100,chance_of_snow
1367,0.09,0.948051948051948,100,chance_of_snow
1368,0.6,0.6363636363636365,73,chance_of_snow
1369,2.47,0.8831168831168832,100,chance_of_snow
1370,2.38,0.974025974025974,100,chance_of_snow
1371,3.23,0.8441558441558441,100,chance_of_snow
1372,18.79,0.8571428571428572,85,chance_of_snow
1373,18.79,0.922077922077922,79,chance_of_snow
1374,1.11,0.8571428571428572,38,chance_of_snow
1375,18.79,0.9350649350649352,63,chance_of_snow
1376,2.89,0.7402597402597402,70,chance_of_snow
1377,1.53,0.8571428571428572,100,chance_of_snow
1378,1.11,0.8051948051948052,100,chance_of_snow
1379,1.7,0.9870129870129868,79,chance_of_snow
1380,0.09,0.5714285714285714,56,chance_of_snow
1381,0.0,0.7142857142857142,100,chance_of_snow
1382,0.0,0.5714285714285714,72,chance_of_snow
1383,0.09,0.9350649350649352,95,chance_of_snow
1384,4.59,0.8961038961038961,94,chance_of_snow
1385,0.0,0.5714285714285714,78,chance_of_snow
1386,2.3,0.8831168831168832,100,chance_of_snow
1387,3.06,1.0,100,chance_of_snow
1388,1.87,0.8571428571428572,100,chance_of_snow
1389,2.04,1.0,100,chance_of_snow
1390,13.35,0.922077922077922,53,chance_of_snow
1391,6.55,0.974025974025974,91,chance_of_snow
1392,13.35,0.9610389610389608,86,chance_of_snow
1393,2.21,0.7532467532467533,100,chance_of_snow
1394,2.89,0.7142857142857142,90,chance_of_snow
1395,0.09,0.7272727272727273,98,chance_of_snow
1396,2.38,0.8961038961038961,100,chance_of_snow
1397,1.45,0.8311688311688312,100,chance_of_snow
1398,0.26,0.8311688311688312,81,chance_of_snow
1399,6.55,0.9610389610389608,100,chance_of_snow
1400,0.26,0.8051948051948052,100,chance_of_snow
1401,1.79,0.7792207792207793,100,chance_of_snow
1402,0.68,0.948051948051948,100,chance_of_snow
1403,2.64,0.7402597402597402,100,chance_of_snow
1404,1.79,0.922077922077922,90,chance_of_snow
1405,0.43,0.8831168831168832,97,chance_of_snow
1406,0.68,0.9090909090909092,90,chance_of_snow
1407,0.51,0.7532467532467533,55,chance_of_snow
1408,13.35,0.8441558441558441,60,chance_of_snow
1409,1.7,0.9090909090909092,100,chance_of_snow
1410,0.68,0.8961038961038961,46,chance_of_snow
1411,1.11,0.6623376623376624,100,chance_of_snow
1412,0.51,0.6623376623376624,59,chance_of_snow
1413,3.57,0.9870129870129868,100,chance_of_snow
1414,2.21,0.7662337662337662,60,chance_of_snow
1415,0.26,0.3636363636363636,74,chance_of_snow
1416,3.91,0.6883116883116884,94,chance_of_snow
1417,0.17,0.7662337662337662,100,chance_of_snow
1418,1.7,0.7922077922077921,100,chance_of_snow
1419,0.68,0.8311688311688312,44,chance_of_snow
1420,1.7,0.922077922077922,99,chance_of_snow
1421,1.28,0.7532467532467533,100,chance_of_snow
1422,2.04,0.8051948051948052,100,chance_of_snow
1423,0.34,0.5844155844155845,92,chance_of_snow
1424,2.38,0.8571428571428572,100,chance_of_snow
1425,6.29,0.9870129870129868,88,chance_of_snow
1426,8.58,0.9090909090909092,80,chance_of_snow
1427,0.77,0.8961038961038961,100,chance_of_snow
1428,2.38,0.8831168831168832,100,chance_of_snow
1429,3.49,0.9610389610389608,100,chance_of_snow
1430,18.79,0.8831168831168832,78,chance_of_snow
1431,0.51,0.9090909090909092,96,chance_of_snow
1432,3.49,0.9610389610389608,100,chance_of_snow
1433,1.96,0.8441558441558441,100,chance_of_snow
1434,2.47,0.8441558441558441,100,chance_of_snow
1435,1.79,0.8181818181818181,96,chance_of_snow
1436,3.91,0.6883116883116884,81,chance_of_snow
1437,3.91,0.7662337662337662,81,chance_of_snow
1438,0.51,0.7402597402597402,65,chance_of_snow
1439,2.64,0.7532467532467533,100,chance_of_snow
1440,4.51,0.9090909090909092,76,chance_of_snow
1441,0.6,0.7532467532467533,97,chance_of_snow
1442,2.47,0.948051948051948,96,chance_of_snow
1443,0.09,0.9090909090909092,44,chance_of_snow
1444,0.68,0.9870129870129868,98,chance_of_snow
1445,2.04,0.8441558441558441,100,chance_of_snow
1446,1.7,0.6103896103896105,76,chance_of_snow
1447,1.7,0.9610389610389608,96,chance_of_snow
1448,4.59,0.9870129870129868,100,chance_of_snow
1449,2.64,0.8571428571428572,100,chance_of_snow
1450,0.51,0.8441558441558441,90,chance_of_snow
1451,0.17,0.8051948051948052,100,chance_of_snow
1452,2.21,0.8571428571428572,100,chance_of_snow
1453,2.3,0.7922077922077921,100,chance_of_snow
1454,1.02,0.8051948051948052,100,chance_of_snow
1455,0.0,0.6233766233766234,91,chance_of_snow
1456,0.0,0.8311688311688312,100,chance_of_snow
1457,0.09,0.9350649350649352,83,chance_of_snow
1458,1.79,0.9610389610389608,100,chance_of_snow
1459,0.17,0.6753246753246753,59,chance_of_snow
1460,1.02,0.7922077922077921,100,chance_of_snow
1461,1.7,0.948051948051948,99,chance_of_snow
1462,1.7,0.8701298701298701,100,chance_of_snow
1463,2.47,0.8831168831168832,100,chance_of_snow
1464,1.28,0.8831168831168832,99,chance_of_snow
1465,4.59,0.9870129870129868,100,chance_of_snow
1466,0.51,0.8961038961038961,96,chance_of_snow
1467,0.43,0.974025974025974,78,chance_of_snow
1468,0.0,0.7272727272727273,96,chance_of_snow
1469,6.55,0.9870129870129868,88,chance_of_snow
1470,0.77,0.8311688311688312,83,chance_of_snow
1471,0.68,0.9610389610389608,99,chance_of_snow
1472,13.35,0.974025974025974,89,chance_of_snow
1473,0.09,0.8961038961038961,33,chance_of_snow
1474,2.04,0.974025974025974,99,chance_of_snow
1475,0.43,0.9090909090909092,90,chance_of_snow
1476,3.49,0.9610389610389608,100,chance_of_snow
1477,8.58,0.7792207792207793,90,chance_of_snow
1478,2.21,0.948051948051948,97,chance_of_snow
1479,0.0,0.5844155844155845,74,chance_of_snow
1480,7.74,0.8961038961038961,96,chance_of_snow
1481,18.79,0.8831168831168832,82,chance_of_snow
1482,0.26,0.9090909090909092,84,chance_of_snow
1483,1.7,0.948051948051948,98,chance_of_snow
1484,1.7,0.8571428571428572,100,chance_of_snow
1485,4.25,0.8961038961038961,86,chance_of_snow
1486,0.77,0.5584415584415585,43,chance_of_snow
1487,0.51,0.8051948051948052,70,chance_of_snow
1488,2.38,0.9610389610389608,100,chance_of_snow
1489,1.7,0.9870129870129868,99,chance_of_snow
1490,2.47,0.8701298701298701,100,chance_of_snow
1491,0.43,0.9870129870129868,94,chance_of_snow
1492,0.09,0.948051948051948,92,chance_of_snow
1493,3.57,0.974025974025974,100,chance_of_snow
1494,0.6,0.2727272727272727,75,chance_of_snow
1495,6.55,0.9610389610389608,100,chance_of_snow
1496,3.91,0.7272727272727273,82,chance_of_snow
1497,0.09,0.8051948051948052,91,chance_of_snow
1498,5.36,0.7272727272727273,73,chance_of_snow
1499,1.36,0.8831168831168832,69,chance_of_snow
1500,1.53,0.9610389610389608,100,chance_of_snow
1501,3.23,0.7012987012987013,83,chance_of_snow
1502,1.96,0.922077922077922,100,chance_of_snow
1503,1.36,0.7012987012987013,35,chance_of_snow
1504,3.23,0.8181818181818181,100,chance_of_snow
1505,0.51,0.7272727272727273,100,chance_of_snow
1506,6.29,0.974025974025974,100,chance_of_snow
1507,0.0,0.922077922077922,95,chance_of_snow
1508,2.47,0.9350649350649352,97,chance_of_snow
1509,0.09,0.8571428571428572,89,chance_of_snow
1510,0.68,0.8311688311688312,100,chance_of_snow
1511,1.7,0.948051948051948,81,chance_of_snow
1512,0.09,0.8961038961038961,67,chance_of_snow
1513,0.68,0.8701298701298701,99,chance_of_snow
1514,1.79,0.8181818181818181,98,chance_of_snow
1515,0.68,0.8051948051948052,100,chance_of_snow
1516,1.45,0.8051948051948052,100,chance_of_snow
1517,0.51,0.8701298701298701,98,chance_of_snow
1518,0.09,0.8441558441558441,100,chance_of_snow
1519,2.04,0.7662337662337662,100,chance_of_snow
1520,0.51,0.4805194805194805,57,chance_of_snow
1521,0.09,0.6623376623376624,98,chance_of_snow
1522,0.68,0.8701298701298701,73,chance_of_snow
1523,0.17,0.8571428571428572,90,chance_of_snow
1524,0.77,0.922077922077922,58,chance_of_snow
1525,0.09,0.8831168831168832,85,chance_of_snow
1526,7.74,0.8831168831168832,80,chance_of_snow
1527,3.15,0.8961038961038961,100,chance_of_snow
1528,3.49,0.922077922077922,100,chance_of_snow
1529,1.28,0.7792207792207793,78,chance_of_snow
1530,1.62,0.9610389610389608,95,chance_of_snow
1531,0.6,0.6103896103896105,84,chance_of_snow
1532,5.36,0.9350649350649352,70,chance_of_snow
1533,3.23,0.7012987012987013,100,chance_of_snow
1534,1.53,0.9350649350649352,100,chance_of_snow
1535,2.64,0.7142857142857142,99,chance_of_snow
1536,1.7,0.9350649350649352,99,chance_of_snow
1537,0.0,0.8961038961038961,100,chance_of_snow
1538,2.38,0.9610389610389608,100,chance_of_snow
1539,0.68,0.6883116883116884,91,chance_of_snow
1540,6.55,0.974025974025974,100,chance_of_snow
1541,0.43,0.922077922077922,87,chance_of_snow
1542,1.79,0.9350649350649352,74,chance_of_snow
1543,0.43,0.9090909090909092,95,chance_of_snow
1544,1.11,0.6103896103896105,100,chance_of_snow
1545,1.11,0.8571428571428572,99,chance_of_snow
1546,3.91,0.8701298701298701,98,chance_of_snow
1547,2.47,0.9610389610389608,100,chance_of_snow
1548,0.09,0.5454545454545454,98,chance_of_snow
1549,0.09,0.7272727272727273,81,chance_of_snow
1550,13.35,0.5194805194805194,32,chance_of_snow
1551,6.29,0.9610389610389608,100,chance_of_snow
1552,1.28,0.8441558441558441,100,chance_of_snow
1553,1.45,1.0,100,chance_of_snow
1554,1.7,0.8571428571428572,100,chance_of_snow
1555,2.47,0.922077922077922,100,chance_of_snow
1556,1.7,0.8571428571428572,74,chance_of_snow
1557,0.0,0.7142857142857142,100,chance_of_snow
1558,0.43,0.948051948051948,100,chance_of_snow
1559,2.3,0.9610389610389608,94,chance_of_snow
1560,2.38,0.9090909090909092,100,chance_of_snow
1561,1.87,0.8181818181818181,100,chance_of_snow
1562,5.36,0.9090909090909092,73,chance_of_snow
1563,0.26,0.8831168831168832,100,chance_of_snow
1564,1.7,0.7922077922077921,100,chance_of_snow
1565,8.58,0.7922077922077921,71,chance_of_snow
1566,0.09,0.6363636363636365,99,chance_of_snow
1567,2.38,0.8571428571428572,100,chance_of_snow
1568,0.77,0.922077922077922,100,chance_of_snow
1569,18.79,0.8961038961038961,70,chance_of_snow
1570,0.09,0.6233766233766234,100,chance_of_snow
1571,0.85,0.7272727272727273,86,chance_of_snow
1572,0.51,0.5584415584415585,68,chance_of_snow
1573,0.77,0.6753246753246753,86,chance_of_snow
1574,2.47,0.9350649350649352,100,chance_of_snow
1575,1.28,0.6753246753246753,100,chance_of_snow
1576,3.57,0.974025974025974,99,chance_of_snow
1577,0.68,0.8571428571428572,69,chance_of_snow
1578,7.74,0.8961038961038961,87,chance_of_snow
1579,0.43,0.9090909090909092,79,chance_of_snow
1580,3.49,0.9870129870129868,100,chance_of_snow
1581,2.04,0.8181818181818181,100,chance_of_snow
1582,1.53,0.8571428571428572,100,chance_of_snow
1583,2.3,0.974025974025974,99,chance_of_snow
1584,0.51,0.8571428571428572,99,chance_of_snow
1585,7.74,0.7922077922077921,100,chance_of_snow
1586,0.09,0.6233766233766234,85,chance_of_snow
1587,2.04,0.922077922077922,100,chance_of_snow
1588,1.53,0.9090909090909092,100,chance_of_snow
1589,0.17,0.8051948051948052,64,chance_of_snow
1590,0.0,0.7792207792207793,100,chance_of_snow
1591,0.68,0.974025974025974,98,chance_of_snow
1592,4.25,0.9090909090909092,52,chance_of_snow
1593,7.74,0.7532467532467533,100,chance_of_snow
1594,0.68,0.9870129870129868,99,chance_of_snow
1595,18.79,0.9870129870129868,92,chance_of_snow
1596,1.28,0.7272727272727273,85,chance_of_snow
1597,2.04,0.5714285714285714,73,chance_of_snow
1598,0.68,0.9870129870129868,99,chance_of_snow
1599,1.7,0.7012987012987013,77,chance_of_snow
1600,1.45,0.9870129870129868,100,chance_of_snow
1601,2.3,0.974025974025974,100,chance_of_snow
1602,2.21,0.6623376623376624,40,chance_of_snow
1603,2.04,0.8571428571428572,100,chance_of_snow
1604,0.68,0.8961038961038961,100,chance_of_snow
1605,8.58,0.9350649350649352,100,chance_of_snow
1606,2.04,0.8441558441558441,94,chance_of_snow
1607,1.28,0.6753246753246753,100,chance_of_snow
1608,1.28,0.6363636363636365,80,chance_of_snow
1609,3.15,0.9870129870129868,100,chance_of_snow
1610,4.51,0.6623376623376624,100,chance_of_snow
1611,1.53,0.8571428571428572,100,chance_of_snow
1612,0.0,0.6103896103896105,71,chance_of_snow
1613,2.64,0.6753246753246753,89,chance_of_snow
1614,5.36,0.9350649350649352,73,chance_of_snow
1615,0.0,0.7792207792207793,100,chance_of_snow
1616,0.77,0.922077922077922,62,chance_of_snow
1617,1.45,0.9870129870129868,100,chance_of_snow
1618,3.15,0.9350649350649352,100,chance_of_snow
1619,0.09,0.6363636363636365,82,chance_of_snow
1620,1.7,0.6623376623376624,84,chance_of_snow
1621,8.58,0.974025974025974,100,chance_of_snow
1622,0.17,0.7922077922077921,72,chance_of_snow
1623,4.0,0.9350649350649352,100,chance_of_snow
1624,2.47,0.9350649350649352,70,chance_of_snow
1625,3.57,0.974025974025974,91,chance_of_snow
1626,4.51,0.6363636363636365,79,chance_of_snow
1627,1.45,1.0,100,chance_of_snow
1628,0.09,0.5974025974025974,95,chance_of_snow
1629,0.26,0.5324675324675325,49,chance_of_snow
1630,2.04,0.5324675324675325,80,chance_of_snow
1631,1.62,0.6233766233766234,100,chance_of_snow
1632,0.77,0.922077922077922,100,chance_of_snow
1633,2.3,0.974025974025974,100,chance_of_snow
1634,1.45,0.8961038961038961,100,chance_of_snow
1635,0.77,0.8441558441558441,80,chance_of_snow
1636,5.36,0.8701298701298701,74,chance_of_snow
1637,2.3,0.8441558441558441,100,chance_of_snow
1638,1.79,0.6623376623376624,88,chance_of_snow
1639,1.7,0.948051948051948,99,chance_of_snow
1640,0.6,0.5454545454545454,43,chance_of_snow
1641,0.26,0.5194805194805194,27,chance_of_snow
1642,0.6,0.3116883116883117,78,chance_of_snow
1643,1.87,0.8441558441558441,90,chance_of_snow
1644,8.58,0.8571428571428572,100,chance_of_snow
1645,0.09,0.8701298701298701,97,chance_of_snow
1646,2.04,0.6753246753246753,70,chance_of_snow
1647,5.36,0.5584415584415585,72,chance_of_snow
1648,0.0,0.8441558441558441,100,chance_of_snow
1649,0.0,0.8961038961038961,82,chance_of_snow
1650,2.89,0.948051948051948,100,chance_of_snow
1651,1.62,0.9870129870129868,86,chance_of_snow
1652,0.68,0.9350649350649352,60,chance_of_snow
1653,1.79,0.922077922077922,81,chance_of_snow
1654,0.17,0.8701298701298701,89,chance_of_snow
1655,0.68,0.9610389610389608,100,chance_of_snow
1656,2.04,1.0,100,chance_of_snow
1657,1.11,0.9610389610389608,100,chance_of_snow
1658,0.0,0.8311688311688312,100,chance_of_snow
1659,2.04,0.9090909090909092,76,chance_of_snow
1660,1.79,0.9610389610389608,90,chance_of_snow
1661,0.0,0.5584415584415585,87,chance_of_snow
1662,0.17,0.7792207792207793,100,chance_of_snow
1663,2.04,0.8441558441558441,100,chance_of_snow
1664,2.21,0.8701298701298701,100,chance_of_snow
1665,0.68,0.8831168831168832,100,chance_of_snow
1666,3.15,1.0,100,chance_of_snow
1667,0.09,0.5584415584415585,28,chance_of_snow
1668,6.55,0.9610389610389608,100,chance_of_snow
1669,6.29,0.9870129870129868,92,chance_of_snow
1670,1.7,0.8051948051948052,100,chance_of_snow
1671,3.23,0.7272727272727273,79,chance_of_snow
1672,0.68,0.9350649350649352,67,chance_of_snow
1673,0.51,0.6753246753246753,83,chance_of_snow
1674,0.09,0.8701298701298701,98,chance_of_snow
1675,1.11,0.922077922077922,100,chance_of_snow
1676,0.17,0.8961038961038961,100,chance_of_snow
1677,4.59,0.9350649350649352,100,chance_of_snow
1678,0.51,0.8701298701298701,100,chance_of_snow
1679,8.58,0.9350649350649352,100,chance_of_snow
1680,2.04,0.9870129870129868,100,chance_of_snow
1681,1.7,0.7922077922077921,100,chance_of_snow
1682,1.28,0.8831168831168832,74,chance_of_snow
1683,2.21,0.9090909090909092,100,chance_of_snow
1684,7.57,0.8441558441558441,63,chance_of_snow
1685,1.79,0.9350649350649352,71,chance_of_snow
1686,1.79,0.8181818181818181,100,chance_of_snow
1687,0.09,0.8311688311688312,100,chance_of_snow
1688,0.6,0.7922077922077921,95,chance_of_snow
1689,0.34,0.5454545454545454,67,chance_of_snow
1690,8.58,0.922077922077922,100,chance_of_snow
1691,8.58,0.7792207792207793,81,chance_of_snow
1692,0.51,0.8441558441558441,90,chance_of_snow
1693,8.58,0.7662337662337662,100,chance_of_snow
1694,0.77,0.8311688311688312,33,chance_of_snow
1695,0.09,0.7792207792207793,100,chance_of_snow
1696,1.87,0.6233766233766234,80,chance_of_snow
1697,0.17,0.8701298701298701,100,chance_of_snow
1698,1.79,0.9610389610389608,70,chance_of_snow
1699,0.68,1.0,100,chance_of_snow
1700,2.47,0.8311688311688312,100,chance_of_snow
1701,1.7,0.7402597402597402,28,chance_of_snow
1702,1.7,0.9610389610389608,100,chance_of_snow
1703,2.04,0.9870129870129868,100,chance_of_snow
1704,3.49,0.9090909090909092,100,chance_of_snow
1705,4.25,0.8441558441558441,99,chance_of_snow
1706,2.04,0.7792207792207793,67,chance_of_snow
1707,0.0,0.5844155844155845,98,chance_of_snow
1708,0.68,0.7142857142857142,93,chance_of_snow
1709,0.85,0.8311688311688312,71,chance_of_snow
1710,2.3,0.8961038961038961,100,chance_of_snow
1711,1.7,0.4155844155844155,21,chance_of_snow
1712,2.47,0.9350649350649352,85,chance_of_snow
1713,4.59,0.8441558441558441,77,chance_of_snow
1714,1.62,0.974025974025974,98,chance_of_snow
1715,6.29,0.974025974025974,100,chance_of_snow
1716,2.89,0.8831168831168832,100,chance_of_snow
1717,0.51,0.5454545454545454,76,chance_of_snow
1718,3.57,0.974025974025974,99,chance_of_snow
1719,0.51,0.6623376623376624,59,chance_of_snow
1720,3.49,0.9090909090909092,100,chance_of_snow
1721,0.17,0.8831168831168832,55,chance_of_snow
1722,0.17,0.7922077922077921,100,chance_of_snow
1723,7.74,0.8961038961038961,99,chance_of_snow
1724,7.57,0.8051948051948052,76,chance_of_snow
1725,1.11,0.6753246753246753,100,chance_of_snow
1726,4.25,0.9350649350649352,92,chance_of_snow
1727,18.79,0.9610389610389608,72,chance_of_snow
1728,6.55,0.948051948051948,100,chance_of_snow
1729,1.87,0.8961038961038961,100,chance_of_snow
1730,4.25,0.9870129870129868,100,chance_of_snow
1731,13.35,0.9610389610389608,90,chance_of_snow
1732,0.51,0.8181818181818181,66,chance_of_snow
1733,0.77,0.8441558441558441,95,chance_of_snow
1734,1.45,0.922077922077922,100,chance_of_snow
1735,2.64,0.7142857142857142,100,chance_of_snow
1736,2.89,0.8831168831168832,100,chance_of_snow
1737,0.09,0.7532467532467533,77,chance_of_snow
1738,4.59,0.8701298701298701,88,chance_of_snow
1739,0.51,0.8311688311688312,73,chance_of_snow
1740,0.09,0.6233766233766234,100,chance_of_snow
1741,1.45,0.8571428571428572,100,chance_of_snow
1742,5.36,0.8831168831168832,63,chance_of_snow
1743,0.26,0.4025974025974025,55,chance_of_snow
1744,0.17,0.7402597402597402,100,chance_of_snow
1745,1.11,0.8831168831168832,98,chance_of_snow
1746,3.49,1.0,100,chance_of_snow
1747,1.62,0.7792207792207793,100,chance_of_snow
1748,0.17,0.7792207792207793,100,chance_of_snow
1749,0.6,0.6883116883116884,93,chance_of_snow
1750,0.43,0.8441558441558441,99,chance_of_snow
1751,7.74,0.8961038961038961,93,chance_of_snow
1752,2.04,0.8311688311688312,100,chance_of_snow
1753,0.17,0.7922077922077921,80,chance_of_snow
1754,3.49,0.922077922077922,100,chance_of_snow
1755,3.57,0.974025974025974,100,chance_of_snow
1756,0.85,0.8961038961038961,99,chance_of_snow
1757,0.09,0.922077922077922,100,chance_of_snow
1758,1.62,0.7272727272727273,100,chance_of_snow
1759,3.49,0.9870129870129868,100,chance_of_snow
1760,1.02,0.9870129870129868,100,chance_of_snow
1761,4.25,0.8961038961038961,100,chance_of_snow
1762,0.51,0.7662337662337662,94,chance_of_snow
1763,3.57,0.974025974025974,100,chance_of_snow
1764,0.0,0.948051948051948,86,chance_of_snow
1765,0.77,0.8571428571428572,100,chance_of_snow
1766,1.36,0.8831168831168832,79,chance_of_snow
1767,4.51,0.7792207792207793,85,chance_of_snow
1768,1.7,0.8441558441558441,100,chance_of_snow
1769,0.68,0.948051948051948,100,chance_of_snow
1770,1.02,0.922077922077922,95,chance_of_snow
1771,2.64,0.6753246753246753,91,chance_of_snow
1772,1.79,0.9350649350649352,91,chance_of_snow
1773,4.51,0.948051948051948,75,chance_of_snow
1774,2.47,0.8701298701298701,100,chance_of_snow
1775,6.29,0.9610389610389608,100,chance_of_snow
1776,0.0,0.6883116883116884,100,chance_of_snow
1777,6.29,0.9610389610389608,100,chance_of_snow
1778,3.15,0.974025974025974,100,chance_of_snow
1779,0.0,0.8701298701298701,100,chance_of_snow
1780,2.3,0.9610389610389608,100,chance_of_snow
1781,8.58,0.8961038961038961,100,chance_of_snow
1782,2.89,0.8831168831168832,100,chance_of_snow
1783,0.43,0.948051948051948,99,chance_of_snow
1784,0.94,0.8051948051948052,100,chance_of_snow
1785,3.49,0.8961038961038961,100,chance_of_snow
1786,1.62,0.6493506493506493,100,chance_of_snow
1787,1.02,0.948051948051948,100,chance_of_snow
1788,2.21,0.922077922077922,92,chance_of_snow
1789,0.09,0.7532467532467533,84,chance_of_snow
1790,1.7,0.9610389610389608,80,chance_of_snow
1791,2.38,0.922077922077922,100,chance_of_snow
1792,0.51,0.8441558441558441,76,chance_of_snow
1793,1.79,0.7792207792207793,100,chance_of_snow
1794,0.51,0.5194805194805194,32,chance_of_snow
1795,0.85,0.8831168831168832,99,chance_of_snow
1796,0.68,0.9870129870129868,94,chance_of_snow
1797,6.55,0.9610389610389608,91,chance_of_snow
1798,0.68,0.5194805194805194,39,chance_of_snow
1799,3.57,0.974025974025974,100,chance_of_snow
1800,2.64,0.6883116883116884,100,chance_of_snow
1801,0.0,0.8831168831168832,71,chance_of_snow
1802,3.15,0.974025974025974,100,chance_of_snow
1803,1.7,0.8181818181818181,97,chance_of_snow
1804,1.28,0.6753246753246753,100,chance_of_snow
1805,3.23,0.8051948051948052,100,chance_of_snow
1806,0.34,0.5584415584415585,77,chance_of_snow
1807,0.0,0.5844155844155845,73,chance_of_snow
1808,0.26,0.8701298701298701,68,chance_of_snow
1809,7.57,0.7662337662337662,89,chance_of_snow
1810,2.21,0.8181818181818181,55,chance_of_snow
1811,1.87,0.7662337662337662,100,chance_of_snow
1812,4.51,0.948051948051948,75,chance_of_snow
1813,1.11,0.5584415584415585,100,chance_of_snow
1814,8.58,0.948051948051948,93,chance_of_snow
1815,0.09,0.6233766233766234,94,chance_of_snow
1816,0.26,0.5324675324675325,71,chance_of_snow
1817,2.38,0.9350649350649352,100,chance_of_snow
1818,1.79,0.8181818181818181,100,chance_of_snow
1819,0.26,0.8701298701298701,54,chance_of_snow
1820,4.25,0.9090909090909092,100,chance_of_snow
1821,1.7,0.9350649350649352,94,chance_of_snow
1822,0.6,0.6233766233766234,70,chance_of_snow
1823,2.21,0.974025974025974,97,chance_of_snow
1824,0.68,0.8701298701298701,100,chance_of_snow
1825,2.38,0.8701298701298701,100,chance_of_snow
1826,0.09,0.922077922077922,55,chance_of_snow
1827,1.53,0.9350649350649352,100,chance_of_snow
1828,0.0,0.6363636363636365,66,chance_of_snow
1829,0.43,0.974025974025974,100,chance_of_snow
1830,2.38,0.9870129870129868,100,chance_of_snow
1831,3.57,0.974025974025974,93,chance_of_snow
1832,0.43,0.9870129870129868,83,chance_of_snow
1833,0.51,0.6623376623376624,100,chance_of_snow
1834,0.68,1.0,100,chance_of_snow
1835,3.91,0.9350649350649352,69,chance_of_snow
1836,2.89,0.9350649350649352,100,chance_of_snow
1837,7.74,0.8311688311688312,100,chance_of_snow
1838,4.51,0.7662337662337662,58,chance_of_snow
1839,4.0,0.8701298701298701,93,chance_of_snow
1840,1.87,0.8441558441558441,93,chance_of_snow
1841,2.21,0.8181818181818181,100,chance_of_snow
1842,2.21,0.8441558441558441,100,chance_of_snow
1843,0.26,0.9870129870129868,100,chance_of_snow
1844,1.62,0.5844155844155845,100,chance_of_snow
1845,0.68,0.8441558441558441,100,chance_of_snow
1846,0.26,0.8181818181818181,51,chance_of_snow
1847,4.51,0.6753246753246753,74,chance_of_snow
1848,0.09,0.8311688311688312,94,chance_of_snow
1849,1.62,0.7922077922077921,100,chance_of_snow
1850,0.43,0.9870129870129868,96,chance_of_snow
1851,8.58,0.9350649350649352,100,chance_of_snow
1852,3.06,1.0,100,chance_of_snow
1853,18.79,0.922077922077922,63,chance_of_snow
1854,0.0,0.8441558441558441,100,chance_of_snow
1855,0.68,0.8701298701298701,96,chance_of_snow
1856,0.0,0.6753246753246753,81,chance_of_snow
1857,6.29,0.974025974025974,100,chance_of_snow
1858,1.45,0.8571428571428572,96,chance_of_snow
1859,2.3,0.9870129870129868,100,chance_of_snow
1860,2.89,0.9090909090909092,91,chance_of_snow
1861,2.21,0.948051948051948,95,chance_of_snow
1862,0.0,0.8571428571428572,91,chance_of_snow
1863,1.02,0.7792207792207793,100,chance_of_snow
1864,2.04,0.9870129870129868,100,chance_of_snow
1865,0.77,0.4285714285714285,88,chance_of_snow
1866,1.28,0.6623376623376624,73,chance_of_snow
1867,1.36,0.7662337662337662,100,chance_of_snow
1868,2.04,0.5064935064935066,76,chance_of_snow
1869,1.28,0.8311688311688312,81,chance_of_snow
1870,13.35,0.974025974025974,92,chance_of_snow
1871,1.02,0.7792207792207793,100,chance_of_snow
1872,3.15,0.974025974025974,100,chance_of_snow
1873,0.17,0.7662337662337662,100,chance_of_snow
1874,0.09,0.922077922077922,100,chance_of_snow
1875,0.77,0.8961038961038961,90,chance_of_snow
1876,7.74,0.7402597402597402,100,chance_of_snow
1877,2.38,0.922077922077922,100,chance_of_snow
1878,0.85,0.8311688311688312,70,chance_of_snow
1879,1.7,0.9350649350649352,88,chance_of_snow
1880,3.15,0.9870129870129868,100,chance_of_snow
1881,3.57,0.9610389610389608,100,chance_of_snow
1882,0.51,0.6493506493506493,34,chance_of_snow
1883,1.87,0.8571428571428572,100,chance_of_snow
1884,3.23,0.7792207792207793,100,chance_of_snow
1885,6.55,0.974025974025974,91,chance_of_snow
1886,1.45,0.8441558441558441,88,chance_of_snow
1887,1.45,1.0,100,chance_of_snow
1888,0.26,0.8311688311688312,100,chance_of_snow
1889,7.57,0.7142857142857142,70,chance_of_snow
1890,2.47,0.9090909090909092,89,chance_of_snow
1891,8.58,0.9350649350649352,100,chance_of_snow
1892,6.29,0.974025974025974,92,chance_of_snow
1893,1.79,0.9350649350649352,72,chance_of_snow
1894,6.55,0.974025974025974,97,chance_of_snow
1895,3.15,1.0,100,chance_of_snow
1896,0.26,0.4545454545454545,35,chance_of_snow
1897,7.74,0.7402597402597402,100,chance_of_snow
1898,3.23,0.7532467532467533,100,chance_of_snow
1899,1.62,0.7142857142857142,100,chance_of_snow
1900,0.68,0.974025974025974,84,chance_of_snow
1901,0.0,0.8571428571428572,100,chance_of_snow
1902,0.77,0.7792207792207793,96,chance_of_snow
1903,0.0,0.7402597402597402,100,chance_of_snow
1904,1.7,0.3766233766233766,75,chance_of_snow
1905,1.53,0.8831168831168832,100,chance_of_snow
1906,2.47,0.948051948051948,95,chance_of_snow
1907,3.23,0.7532467532467533,100,chance_of_snow
1908,1.87,0.6623376623376624,87,chance_of_snow
1909,0.09,0.5844155844155845,84,chance_of_snow
1910,0.09,0.8311688311688312,100,chance_of_snow
1911,2.47,0.9350649350649352,67,chance_of_snow
1912,3.49,0.9350649350649352,100,chance_of_snow
1913,1.36,0.8311688311688312,100,chance_of_snow
1914,3.57,0.974025974025974,100,chance_of_snow
1915,1.7,0.8701298701298701,100,chance_of_snow
1916,1.28,0.8441558441558441,65,chance_of_snow
1917,0.51,0.8441558441558441,89,chance_of_snow
1918,0.26,0.8311688311688312,100,chance_of_snow
1919,0.17,0.8441558441558441,79,chance_of_snow
1920,0.85,0.9350649350649352,99,chance_of_snow
1921,2.04,0.8701298701298701,100,chance_of_snow
1922,5.36,0.9090909090909092,68,chance_of_snow
1923,0.43,0.948051948051948,100,chance_of_snow
1924,1.36,0.8961038961038961,100,chance_of_snow
1925,0.51,0.8441558441558441,82,chance_of_snow
1926,4.0,0.7532467532467533,80,chance_of_snow
1927,0.85,0.8571428571428572,88,chance_of_snow
1928,7.57,0.7792207792207793,47,chance_of_snow
1929,1.87,0.7922077922077921,100,chance_of_snow
1930,6.55,0.9610389610389608,100,chance_of_snow
1931,0.09,0.7792207792207793,100,chance_of_snow
1932,0.0,0.5714285714285714,75,chance_of_snow
1933,1.53,0.8571428571428572,100,chance_of_snow
1934,1.45,0.7792207792207793,100,chance_of_snow
1935,3.91,0.922077922077922,100,chance_of_snow
1936,3.57,0.9610389610389608,97,chance_of_snow
1937,1.7,0.948051948051948,74,chance_of_snow
1938,8.58,0.9350649350649352,100,chance_of_snow
1939,0.0,0.7792207792207793,100,chance_of_snow
1940,0.51,0.8311688311688312,96,chance_of_snow
1941,0.09,0.5584415584415585,86,chance_of_snow
1942,0.17,0.8831168831168832,100,chance_of_snow
1943,4.0,0.948051948051948,99,chance_of_snow
1944,3.49,0.8961038961038961,100,chance_of_snow
1945,1.96,0.8831168831168832,100,chance_of_snow
1946,2.04,0.6883116883116884,35,chance_of_snow
1947,3.91,0.9350649350649352,100,chance_of_snow
1948,1.53,0.9350649350649352,100,chance_of_snow
1949,0.85,0.8181818181818181,68,chance_of_snow
1950,0.0,0.7662337662337662,100,chance_of_snow
1951,0.17,0.8181818181818181,100,chance_of_snow
1952,8.58,0.922077922077922,87,chance_of_snow
1953,1.87,0.9090909090909092,100,chance_of_snow
1954,3.49,0.9870129870129868,100,chance_of_snow
1955,0.17,0.8311688311688312,100,chance_of_snow
1956,1.02,0.9350649350649352,100,chance_of_snow
1957,0.43,0.974025974025974,82,chance_of_snow
1958,0.51,0.7402597402597402,34,chance_of_snow
1959,0.17,0.7662337662337662,100,chance_of_snow
1960,0.43,0.8701298701298701,100,chance_of_snow
1961,1.79,0.7272727272727273,100,chance_of_snow
1962,7.74,0.9090909090909092,99,chance_of_snow
1963,6.55,0.974025974025974,100,chance_of_snow
1964,3.91,0.8181818181818181,74,chance_of_snow
1965,13.35,0.6753246753246753,78,chance_of_snow
1966,1.28,0.6363636363636365,75,chance_of_snow
1967,0.77,0.9350649350649352,100,chance_of_snow
1968,0.26,0.9870129870129868,100,chance_of_snow
1969,0.26,0.8571428571428572,87,chance_of_snow
1970,18.79,0.9610389610389608,84,chance_of_snow
1971,0.17,0.7142857142857142,86,chance_of_snow
1972,2.47,0.9610389610389608,100,chance_of_snow
1973,1.02,0.8051948051948052,100,chance_of_snow
1974,3.91,0.8701298701298701,74,chance_of_snow
1975,1.36,0.7922077922077921,100,chance_of_snow
1976,1.7,0.9610389610389608,98,chance_of_snow
1977,3.15,0.8701298701298701,100,chance_of_snow
1978,5.36,0.7922077922077921,74,chance_of_snow
1979,0.0,0.8571428571428572,100,chance_of_snow
1980,1.11,0.9350649350649352,100,chance_of_snow
1981,1.36,0.8441558441558441,100,chance_of_snow
1982,2.38,0.8571428571428572,100,chance_of_snow
1983,3.23,0.6623376623376624,94,chance_of_snow
1984,1.87,0.8051948051948052,100,chance_of_snow
1985,1.53,0.9610389610389608,100,chance_of_snow
1986,2.89,0.7792207792207793,71,chance_of_snow
1987,2.38,0.9090909090909092,100,chance_of_snow
1988,2.47,0.9090909090909092,100,chance_of_snow
1989,0.43,0.8311688311688312,100,chance_of_snow
1990,4.25,0.8961038961038961,84,chance_of_snow
1991,0.43,0.7662337662337662,100,chance_of_snow
1992,0.68,0.974025974025974,99,chance_of_snow
1993,2.21,0.9870129870129868,100,chance_of_snow
1994,7.74,0.8571428571428572,94,chance_of_snow
1995,4.51,0.8181818181818181,47,chance_of_snow
1996,0.09,0.8701298701298701,79,chance_of_snow
1997,2.04,0.9090909090909092,100,chance_of_snow
1998,0.0,0.6363636363636365,93,chance_of_snow
1999,3.23,0.7402597402597402,98,chance_of_snow
